participant,trial,phase,age,gender,height,hip_height,knee_height,lowest_height_not_afforded,time,width,relative_height,scaled_height,action
1,1,outbound,19.0,m,32,40.0,23.0,30,2015-02-05 10:06:28.122470,6.0,2,1.0666666666666667,around
1,1,return,19.0,m,32,40.0,23.0,30,2015-02-05 10:06:28.122470,6.0,2,1.0666666666666667,around
1,2,outbound,19.0,m,16,40.0,23.0,30,2015-02-05 10:07:16.972915,10.5,-14,0.5333333333333333,over
1,2,return,19.0,m,16,40.0,23.0,30,2015-02-05 10:07:16.972915,10.5,-14,0.5333333333333333,over
1,3,outbound,19.0,m,24,40.0,23.0,30,2015-02-05 10:08:03.719966,7.5,-6,0.8,over
1,3,return,19.0,m,24,40.0,23.0,30,2015-02-05 10:08:03.719966,7.5,-6,0.8,over
1,4,outbound,19.0,m,32,40.0,23.0,30,2015-02-05 10:08:43.379160,12.0,2,1.0666666666666667,around
1,4,return,19.0,m,32,40.0,23.0,30,2015-02-05 10:08:43.379160,12.0,2,1.0666666666666667,around
1,5,outbound,19.0,m,20,40.0,23.0,30,2015-02-05 10:09:20.389982,7.5,-10,0.6666666666666666,over
1,5,return,19.0,m,20,40.0,23.0,30,2015-02-05 10:09:20.389982,7.5,-10,0.6666666666666666,over
1,6,outbound,19.0,m,16,40.0,23.0,30,2015-02-05 10:10:01.357863,6.0,-14,0.5333333333333333,over
1,6,return,19.0,m,16,40.0,23.0,30,2015-02-05 10:10:01.357863,6.0,-14,0.5333333333333333,over
1,7,outbound,19.0,m,20,40.0,23.0,30,2015-02-05 10:10:41.152136,9.0,-10,0.6666666666666666,over
1,7,return,19.0,m,20,40.0,23.0,30,2015-02-05 10:10:41.152136,9.0,-10,0.6666666666666666,over
1,8,outbound,19.0,m,32,40.0,23.0,30,2015-02-05 10:11:15.891952,12.0,2,1.0666666666666667,around
1,8,return,19.0,m,32,40.0,23.0,30,2015-02-05 10:11:15.891952,12.0,2,1.0666666666666667,around
1,9,outbound,19.0,m,20,40.0,23.0,30,2015-02-05 10:11:53.828136,4.5,-10,0.6666666666666666,over
1,9,return,19.0,m,20,40.0,23.0,30,2015-02-05 10:11:53.828136,4.5,-10,0.6666666666666666,over
1,10,outbound,19.0,m,20,40.0,23.0,30,2015-02-05 10:12:34.057157,12.0,-10,0.6666666666666666,over
1,10,return,19.0,m,20,40.0,23.0,30,2015-02-05 10:12:34.057157,12.0,-10,0.6666666666666666,over
1,11,outbound,19.0,m,16,40.0,23.0,30,2015-02-05 10:13:13.283763,9.0,-14,0.5333333333333333,over
1,11,return,19.0,m,16,40.0,23.0,30,2015-02-05 10:13:13.283763,9.0,-14,0.5333333333333333,over
1,12,outbound,19.0,m,16,40.0,23.0,30,2015-02-05 10:13:53.787162,9.0,-14,0.5333333333333333,over
1,12,return,19.0,m,16,40.0,23.0,30,2015-02-05 10:13:53.787162,9.0,-14,0.5333333333333333,over
1,13,outbound,19.0,m,20,40.0,23.0,30,2015-02-05 10:14:26.385596,12.0,-10,0.6666666666666666,over
1,13,return,19.0,m,20,40.0,23.0,30,2015-02-05 10:14:26.385596,12.0,-10,0.6666666666666666,over
1,14,outbound,19.0,m,24,40.0,23.0,30,2015-02-05 10:14:58.415669,9.0,-6,0.8,around
1,14,return,19.0,m,24,40.0,23.0,30,2015-02-05 10:14:58.415669,9.0,-6,0.8,around
1,15,outbound,19.0,m,28,40.0,23.0,30,2015-02-05 10:15:33.007312,7.5,-2,0.9333333333333333,around
1,15,return,19.0,m,28,40.0,23.0,30,2015-02-05 10:15:33.007312,7.5,-2,0.9333333333333333,around
1,16,outbound,19.0,m,24,40.0,23.0,30,2015-02-05 10:16:07.223353,12.0,-6,0.8,around
1,16,return,19.0,m,24,40.0,23.0,30,2015-02-05 10:16:07.223353,12.0,-6,0.8,around
1,17,outbound,19.0,m,32,40.0,23.0,30,2015-02-05 10:16:47.394065,9.0,2,1.0666666666666667,around
1,17,return,19.0,m,32,40.0,23.0,30,2015-02-05 10:16:47.394065,9.0,2,1.0666666666666667,around
1,18,outbound,19.0,m,16,40.0,23.0,30,2015-02-05 10:17:21.783616,10.5,-14,0.5333333333333333,over
1,18,return,19.0,m,16,40.0,23.0,30,2015-02-05 10:17:21.783616,10.5,-14,0.5333333333333333,over
1,19,outbound,19.0,m,28,40.0,23.0,30,2015-02-05 10:17:56.815399,6.0,-2,0.9333333333333333,around
1,19,return,19.0,m,28,40.0,23.0,30,2015-02-05 10:17:56.815399,6.0,-2,0.9333333333333333,around
1,20,outbound,19.0,m,20,40.0,23.0,30,2015-02-05 10:18:33.809311,4.5,-10,0.6666666666666666,over
1,20,return,19.0,m,20,40.0,23.0,30,2015-02-05 10:18:33.809311,4.5,-10,0.6666666666666666,over
1,21,outbound,19.0,m,28,40.0,23.0,30,2015-02-05 10:19:08.257097,10.5,-2,0.9333333333333333,around
1,21,return,19.0,m,28,40.0,23.0,30,2015-02-05 10:19:08.257097,10.5,-2,0.9333333333333333,around
1,22,outbound,19.0,m,28,40.0,23.0,30,2015-02-05 10:19:47.554108,10.5,-2,0.9333333333333333,around
1,22,return,19.0,m,28,40.0,23.0,30,2015-02-05 10:19:47.554108,10.5,-2,0.9333333333333333,around
1,23,outbound,19.0,m,24,40.0,23.0,30,2015-02-05 10:20:24.980358,6.0,-6,0.8,around
1,23,return,19.0,m,24,40.0,23.0,30,2015-02-05 10:20:24.980358,6.0,-6,0.8,around
1,24,outbound,19.0,m,20,40.0,23.0,30,2015-02-05 10:21:01.833030,10.5,-10,0.6666666666666666,over
1,24,return,19.0,m,20,40.0,23.0,30,2015-02-05 10:21:01.833030,10.5,-10,0.6666666666666666,over
1,25,outbound,19.0,m,16,40.0,23.0,30,2015-02-05 10:21:36.723103,12.0,-14,0.5333333333333333,over
1,25,return,19.0,m,16,40.0,23.0,30,2015-02-05 10:21:36.723103,12.0,-14,0.5333333333333333,over
1,26,outbound,19.0,m,16,40.0,23.0,30,2015-02-05 10:22:08.660283,12.0,-14,0.5333333333333333,over
1,26,return,19.0,m,16,40.0,23.0,30,2015-02-05 10:22:08.660283,12.0,-14,0.5333333333333333,over
1,27,outbound,19.0,m,24,40.0,23.0,30,2015-02-05 10:22:42.340658,10.5,-6,0.8,around
1,27,return,19.0,m,24,40.0,23.0,30,2015-02-05 10:22:42.340658,10.5,-6,0.8,around
1,28,outbound,19.0,m,28,40.0,23.0,30,2015-02-05 10:23:43.255768,4.5,-2,0.9333333333333333,around
1,28,return,19.0,m,28,40.0,23.0,30,2015-02-05 10:23:43.255768,4.5,-2,0.9333333333333333,around
1,29,outbound,19.0,m,24,40.0,23.0,30,2015-02-05 10:25:53.028342,4.5,-6,0.8,around
1,29,return,19.0,m,24,40.0,23.0,30,2015-02-05 10:25:53.028342,4.5,-6,0.8,around
1,30,outbound,19.0,m,20,40.0,23.0,30,2015-02-05 10:26:24.133206,9.0,-10,0.6666666666666666,over
1,30,return,19.0,m,20,40.0,23.0,30,2015-02-05 10:26:24.133206,9.0,-10,0.6666666666666666,over
1,31,outbound,19.0,m,16,40.0,23.0,30,2015-02-05 10:26:59.276991,7.5,-14,0.5333333333333333,over
1,31,return,19.0,m,16,40.0,23.0,30,2015-02-05 10:26:59.276991,7.5,-14,0.5333333333333333,over
1,32,outbound,19.0,m,28,40.0,23.0,30,2015-02-05 10:27:34.077050,12.0,-2,0.9333333333333333,around
1,32,return,19.0,m,28,40.0,23.0,30,2015-02-05 10:27:34.077050,12.0,-2,0.9333333333333333,around
1,33,outbound,19.0,m,28,40.0,23.0,30,2015-02-05 10:28:14.225577,4.5,-2,0.9333333333333333,around
1,33,return,19.0,m,28,40.0,23.0,30,2015-02-05 10:28:14.225577,4.5,-2,0.9333333333333333,around
1,34,outbound,19.0,m,16,40.0,23.0,30,2015-02-05 10:28:57.753461,6.0,-14,0.5333333333333333,over
1,34,return,19.0,m,16,40.0,23.0,30,2015-02-05 10:28:57.753461,6.0,-14,0.5333333333333333,over
1,35,outbound,19.0,m,28,40.0,23.0,30,2015-02-05 10:29:29.549408,9.0,-2,0.9333333333333333,around
1,35,return,19.0,m,28,40.0,23.0,30,2015-02-05 10:29:29.549408,9.0,-2,0.9333333333333333,around
1,36,outbound,19.0,m,24,40.0,23.0,30,2015-02-05 10:30:02.294249,4.5,-6,0.8,around
1,36,return,19.0,m,24,40.0,23.0,30,2015-02-05 10:30:02.294249,4.5,-6,0.8,around
1,37,outbound,19.0,m,28,40.0,23.0,30,2015-02-05 10:30:35.630660,7.5,-2,0.9333333333333333,around
1,37,return,19.0,m,28,40.0,23.0,30,2015-02-05 10:30:35.630660,7.5,-2,0.9333333333333333,around
1,38,outbound,19.0,m,20,40.0,23.0,30,2015-02-05 10:31:08.178575,6.0,-10,0.6666666666666666,over
1,38,return,19.0,m,20,40.0,23.0,30,2015-02-05 10:31:08.178575,6.0,-10,0.6666666666666666,over
1,39,outbound,19.0,m,24,40.0,23.0,30,2015-02-05 10:31:47.343092,9.0,-6,0.8,around
1,39,return,19.0,m,24,40.0,23.0,30,2015-02-05 10:31:47.343092,9.0,-6,0.8,around
1,40,outbound,19.0,m,20,40.0,23.0,30,2015-02-05 10:32:27.658108,6.0,-10,0.6666666666666666,over
1,40,return,19.0,m,20,40.0,23.0,30,2015-02-05 10:32:27.658108,6.0,-10,0.6666666666666666,over
1,41,outbound,19.0,m,28,40.0,23.0,30,2015-02-05 10:33:03.751269,9.0,-2,0.9333333333333333,around
1,41,return,19.0,m,28,40.0,23.0,30,2015-02-05 10:33:03.751269,9.0,-2,0.9333333333333333,around
1,42,outbound,19.0,m,32,40.0,23.0,30,2015-02-05 10:33:42.470566,9.0,2,1.0666666666666667,around
1,42,return,19.0,m,32,40.0,23.0,30,2015-02-05 10:33:42.470566,9.0,2,1.0666666666666667,around
1,43,outbound,19.0,m,16,40.0,23.0,30,2015-02-05 10:34:15.688439,4.5,-14,0.5333333333333333,over
1,43,return,19.0,m,16,40.0,23.0,30,2015-02-05 10:34:15.688439,4.5,-14,0.5333333333333333,over
1,44,outbound,19.0,m,20,40.0,23.0,30,2015-02-05 10:34:54.678704,10.5,-10,0.6666666666666666,over
1,44,return,19.0,m,20,40.0,23.0,30,2015-02-05 10:34:54.678704,10.5,-10,0.6666666666666666,over
1,45,outbound,19.0,m,24,40.0,23.0,30,2015-02-05 10:35:34.103473,12.0,-6,0.8,around
1,45,return,19.0,m,24,40.0,23.0,30,2015-02-05 10:35:34.103473,12.0,-6,0.8,around
1,46,outbound,19.0,m,24,40.0,23.0,30,2015-02-05 10:36:21.262475,6.0,-6,0.8,around
1,46,return,19.0,m,24,40.0,23.0,30,2015-02-05 10:36:21.262475,6.0,-6,0.8,around
1,47,outbound,19.0,m,20,40.0,23.0,30,2015-02-05 10:37:00.549434,7.5,-10,0.6666666666666666,over
1,47,return,19.0,m,20,40.0,23.0,30,2015-02-05 10:37:00.549434,7.5,-10,0.6666666666666666,over
1,48,outbound,19.0,m,28,40.0,23.0,30,2015-02-05 10:37:34.209706,12.0,-2,0.9333333333333333,around
1,48,return,19.0,m,28,40.0,23.0,30,2015-02-05 10:37:34.209706,12.0,-2,0.9333333333333333,around
1,49,outbound,19.0,m,28,40.0,23.0,30,2015-02-05 10:38:13.441116,6.0,-2,0.9333333333333333,around
1,49,return,19.0,m,28,40.0,23.0,30,2015-02-05 10:38:13.441116,6.0,-2,0.9333333333333333,around
1,50,outbound,19.0,m,24,40.0,23.0,30,2015-02-05 10:38:49.116849,7.5,-6,0.8,around
1,50,return,19.0,m,24,40.0,23.0,30,2015-02-05 10:38:49.116849,7.5,-6,0.8,around
1,51,outbound,19.0,m,16,40.0,23.0,30,2015-02-05 10:39:27.125371,4.5,-14,0.5333333333333333,over
1,51,return,19.0,m,16,40.0,23.0,30,2015-02-05 10:39:27.125371,4.5,-14,0.5333333333333333,over
1,52,outbound,19.0,m,32,40.0,23.0,30,2015-02-05 10:40:01.362677,6.0,2,1.0666666666666667,around
1,52,return,19.0,m,32,40.0,23.0,30,2015-02-05 10:40:01.362677,6.0,2,1.0666666666666667,around
1,53,outbound,19.0,m,24,40.0,23.0,30,2015-02-05 10:40:40.788786,10.5,-6,0.8,around
1,53,return,19.0,m,24,40.0,23.0,30,2015-02-05 10:40:40.788786,10.5,-6,0.8,around
1,54,outbound,19.0,m,16,40.0,23.0,30,2015-02-05 10:41:18.414290,7.5,-14,0.5333333333333333,over
1,54,return,19.0,m,16,40.0,23.0,30,2015-02-05 10:41:18.414290,7.5,-14,0.5333333333333333,over
2,1,return,18.0,f,14,37.0,20.0,24,2015-02-05 10:50:54.264715,6.0,-10,0.5833333333333334,over
2,2,return,18.0,f,22,37.0,20.0,24,2015-02-05 10:52:34.197177,6.0,-2,0.9166666666666666,over
2,3,return,18.0,f,18,37.0,20.0,24,2015-02-05 10:53:15.407334,12.0,-6,0.75,over
2,4,return,18.0,f,10,37.0,20.0,24,2015-02-05 10:53:51.824875,4.5,-14,0.4166666666666667,over
2,5,return,18.0,f,18,37.0,20.0,24,2015-02-05 10:54:29.717019,9.0,-6,0.75,over
2,6,return,18.0,f,14,37.0,20.0,24,2015-02-05 10:55:12.143656,10.5,-10,0.5833333333333334,over
2,7,return,18.0,f,22,37.0,20.0,24,2015-02-05 10:55:52.694031,12.0,-2,0.9166666666666666,over
2,8,return,18.0,f,26,37.0,20.0,24,2015-02-05 10:56:34.571854,12.0,2,1.0833333333333333,around
2,9,return,18.0,f,22,37.0,20.0,24,2015-02-05 10:57:22.664895,4.5,-2,0.9166666666666666,over
2,10,return,18.0,f,18,37.0,20.0,24,2015-02-05 10:58:07.266554,6.0,-6,0.75,over
2,11,return,18.0,f,22,37.0,20.0,24,2015-02-05 10:58:50.982010,12.0,-2,0.9166666666666666,over
2,12,return,18.0,f,10,37.0,20.0,24,2015-02-05 10:59:42.861816,12.0,-14,0.4166666666666667,over
2,13,return,18.0,f,18,37.0,20.0,24,2015-02-05 11:00:17.100451,4.5,-6,0.75,over
2,14,return,18.0,f,10,37.0,20.0,24,2015-02-05 11:00:57.959026,7.5,-14,0.4166666666666667,over
2,15,return,18.0,f,14,37.0,20.0,24,2015-02-05 11:01:36.003784,7.5,-10,0.5833333333333334,over
2,16,return,18.0,f,18,37.0,20.0,24,2015-02-05 11:02:12.252837,7.5,-6,0.75,over
2,17,return,18.0,f,22,37.0,20.0,24,2015-02-05 11:02:51.656980,9.0,-2,0.9166666666666666,over
2,18,return,18.0,f,10,37.0,20.0,24,2015-02-05 11:03:31.130000,6.0,-14,0.4166666666666667,over
2,19,return,18.0,f,26,37.0,20.0,24,2015-02-05 11:04:08.556159,9.0,2,1.0833333333333333,around
2,20,return,18.0,f,26,37.0,20.0,24,2015-02-05 11:04:48.635440,12.0,2,1.0833333333333333,around
2,21,return,18.0,f,26,37.0,20.0,24,2015-02-05 11:05:34.461242,9.0,2,1.0833333333333333,around
2,22,return,18.0,f,10,37.0,20.0,24,2015-02-05 11:06:15.535298,9.0,-14,0.4166666666666667,over
2,23,return,18.0,f,14,37.0,20.0,24,2015-02-05 11:06:51.986362,10.5,-10,0.5833333333333334,over
2,24,return,18.0,f,10,37.0,20.0,24,2015-02-05 11:07:30.841790,9.0,-14,0.4166666666666667,over
2,25,return,18.0,f,10,37.0,20.0,24,2015-02-05 11:08:06.975818,10.5,-14,0.4166666666666667,over
2,26,return,18.0,f,22,37.0,20.0,24,2015-02-05 11:08:42.185918,10.5,-2,0.9166666666666666,over
2,27,return,18.0,f,14,37.0,20.0,24,2015-02-05 11:09:22.474014,4.5,-10,0.5833333333333334,over
2,28,return,18.0,f,14,37.0,20.0,24,2015-02-05 11:10:00.839921,7.5,-10,0.5833333333333334,over
2,29,return,18.0,f,10,37.0,20.0,24,2015-02-05 11:13:01.534753,12.0,-14,0.4166666666666667,over
2,30,return,18.0,f,14,37.0,20.0,24,2015-02-05 11:13:39.008607,9.0,-10,0.5833333333333334,over
2,31,return,18.0,f,10,37.0,20.0,24,2015-02-05 11:14:18.492972,10.5,-14,0.4166666666666667,over
2,32,return,18.0,f,22,37.0,20.0,24,2015-02-05 11:14:57.138975,7.5,-2,0.9166666666666666,around
2,33,return,18.0,f,14,37.0,20.0,24,2015-02-05 11:15:39.680740,6.0,-10,0.5833333333333334,over
2,34,return,18.0,f,22,37.0,20.0,24,2015-02-05 11:16:17.423944,9.0,-2,0.9166666666666666,around
2,35,return,18.0,f,26,37.0,20.0,24,2015-02-05 11:17:10.300184,6.0,2,1.0833333333333333,around
2,36,return,18.0,f,14,37.0,20.0,24,2015-02-05 11:17:45.857787,12.0,-10,0.5833333333333334,over
2,37,return,18.0,f,18,37.0,20.0,24,2015-02-05 11:18:20.534303,9.0,-6,0.75,over
2,38,return,18.0,f,10,37.0,20.0,24,2015-02-05 11:18:58.193458,4.5,-14,0.4166666666666667,over
2,39,return,18.0,f,26,37.0,20.0,24,2015-02-05 11:19:35.955508,6.0,2,1.0833333333333333,around
2,40,return,18.0,f,18,37.0,20.0,24,2015-02-05 11:20:33.210272,10.5,-6,0.75,over
2,41,return,18.0,f,18,37.0,20.0,24,2015-02-05 11:21:12.746185,12.0,-6,0.75,over
2,42,return,18.0,f,22,37.0,20.0,24,2015-02-05 11:21:55.258838,7.5,-2,0.9166666666666666,around
2,43,return,18.0,f,14,37.0,20.0,24,2015-02-05 11:22:34.123185,4.5,-10,0.5833333333333334,over
2,44,return,18.0,f,14,37.0,20.0,24,2015-02-05 11:23:12.398934,12.0,-10,0.5833333333333334,over
2,45,return,18.0,f,22,37.0,20.0,24,2015-02-05 11:23:54.040664,4.5,-2,0.9166666666666666,around
2,46,return,18.0,f,18,37.0,20.0,24,2015-02-05 11:24:38.622452,10.5,-6,0.75,over
2,47,return,18.0,f,10,37.0,20.0,24,2015-02-05 11:25:16.850500,6.0,-14,0.4166666666666667,over
2,48,return,18.0,f,10,37.0,20.0,24,2015-02-05 11:25:55.696323,7.5,-14,0.4166666666666667,over
2,49,return,18.0,f,22,37.0,20.0,24,2015-02-05 11:26:28.704836,6.0,-2,0.9166666666666666,around
2,50,return,18.0,f,18,37.0,20.0,24,2015-02-05 11:27:05.258055,6.0,-6,0.75,over
2,51,return,18.0,f,18,37.0,20.0,24,2015-02-05 11:27:39.788659,4.5,-6,0.75,over
2,52,return,18.0,f,22,37.0,20.0,24,2015-02-05 11:28:16.565665,10.5,-2,0.9166666666666666,over
2,53,return,18.0,f,14,37.0,20.0,24,2015-02-05 11:28:57.373719,9.0,-10,0.5833333333333334,over
2,54,return,18.0,f,18,37.0,20.0,24,2015-02-05 11:29:36.158005,7.5,-6,0.75,over
3,1,outbound,18.0,f,28,36.5,18.0,26,2015-02-05 13:03:41.605440,6.0,2,1.0769230769230769,around
3,1,return,18.0,f,28,36.5,18.0,26,2015-02-05 13:03:41.605440,6.0,2,1.0769230769230769,around
3,2,outbound,18.0,f,12,36.5,18.0,26,2015-02-05 13:06:01.241002,10.5,-14,0.46153846153846156,around
3,2,return,18.0,f,12,36.5,18.0,26,2015-02-05 13:06:01.241002,10.5,-14,0.46153846153846156,around
3,3,outbound,18.0,f,20,36.5,18.0,26,2015-02-05 13:06:38.583413,12.0,-6,0.7692307692307693,over
3,3,return,18.0,f,20,36.5,18.0,26,2015-02-05 13:06:38.583413,12.0,-6,0.7692307692307693,around
3,4,outbound,18.0,f,12,36.5,18.0,26,2015-02-05 13:07:18.242983,9.0,-14,0.46153846153846156,around
3,4,return,18.0,f,12,36.5,18.0,26,2015-02-05 13:07:18.242983,9.0,-14,0.46153846153846156,around
3,5,outbound,18.0,f,12,36.5,18.0,26,2015-02-05 13:07:57.807538,6.0,-14,0.46153846153846156,over
3,5,return,18.0,f,12,36.5,18.0,26,2015-02-05 13:07:57.807538,6.0,-14,0.46153846153846156,around
3,6,outbound,18.0,f,24,36.5,18.0,26,2015-02-05 13:08:32.989609,9.0,-2,0.9230769230769231,around
3,6,return,18.0,f,24,36.5,18.0,26,2015-02-05 13:08:32.989609,9.0,-2,0.9230769230769231,around
3,7,outbound,18.0,f,20,36.5,18.0,26,2015-02-05 13:09:06.675899,12.0,-6,0.7692307692307693,over
3,7,return,18.0,f,20,36.5,18.0,26,2015-02-05 13:09:06.675899,12.0,-6,0.7692307692307693,around
3,8,outbound,18.0,f,20,36.5,18.0,26,2015-02-05 13:09:41.864149,7.5,-6,0.7692307692307693,over
3,8,return,18.0,f,20,36.5,18.0,26,2015-02-05 13:09:41.864149,7.5,-6,0.7692307692307693,around
3,9,outbound,18.0,f,24,36.5,18.0,26,2015-02-05 13:10:16.697604,6.0,-2,0.9230769230769231,around
3,9,return,18.0,f,24,36.5,18.0,26,2015-02-05 13:10:16.697604,6.0,-2,0.9230769230769231,around
3,10,outbound,18.0,f,16,36.5,18.0,26,2015-02-05 13:10:50.226478,7.5,-10,0.6153846153846154,over
3,10,return,18.0,f,16,36.5,18.0,26,2015-02-05 13:10:50.226478,7.5,-10,0.6153846153846154,around
3,11,outbound,18.0,f,12,36.5,18.0,26,2015-02-05 13:11:21.259159,12.0,-14,0.46153846153846156,over
3,11,return,18.0,f,12,36.5,18.0,26,2015-02-05 13:11:21.259159,12.0,-14,0.46153846153846156,around
3,12,outbound,18.0,f,24,36.5,18.0,26,2015-02-05 13:11:57.853035,4.5,-2,0.9230769230769231,around
3,12,return,18.0,f,24,36.5,18.0,26,2015-02-05 13:11:57.853035,4.5,-2,0.9230769230769231,around
3,13,outbound,18.0,f,16,36.5,18.0,26,2015-02-05 13:12:34.700579,9.0,-10,0.6153846153846154,over
3,13,return,18.0,f,16,36.5,18.0,26,2015-02-05 13:12:34.700579,9.0,-10,0.6153846153846154,around
3,14,outbound,18.0,f,20,36.5,18.0,26,2015-02-05 13:13:07.553547,7.5,-6,0.7692307692307693,over
3,14,return,18.0,f,20,36.5,18.0,26,2015-02-05 13:13:07.553547,7.5,-6,0.7692307692307693,around
3,15,outbound,18.0,f,24,36.5,18.0,26,2015-02-05 13:13:42.141843,7.5,-2,0.9230769230769231,around
3,15,return,18.0,f,24,36.5,18.0,26,2015-02-05 13:13:42.141843,7.5,-2,0.9230769230769231,around
3,16,outbound,18.0,f,24,36.5,18.0,26,2015-02-05 13:14:13.322398,10.5,-2,0.9230769230769231,around
3,16,return,18.0,f,24,36.5,18.0,26,2015-02-05 13:14:13.322398,10.5,-2,0.9230769230769231,around
3,17,outbound,18.0,f,16,36.5,18.0,26,2015-02-05 13:14:48.437632,9.0,-10,0.6153846153846154,over
3,17,return,18.0,f,16,36.5,18.0,26,2015-02-05 13:14:48.437632,9.0,-10,0.6153846153846154,around
3,18,outbound,18.0,f,20,36.5,18.0,26,2015-02-05 13:15:23.417841,9.0,-6,0.7692307692307693,over
3,18,return,18.0,f,20,36.5,18.0,26,2015-02-05 13:15:23.417841,9.0,-6,0.7692307692307693,around
3,19,outbound,18.0,f,16,36.5,18.0,26,2015-02-05 13:15:54.225717,4.5,-10,0.6153846153846154,over
3,19,return,18.0,f,16,36.5,18.0,26,2015-02-05 13:15:54.225717,4.5,-10,0.6153846153846154,around
3,20,outbound,18.0,f,20,36.5,18.0,26,2015-02-05 13:16:28.654969,4.5,-6,0.7692307692307693,over
3,20,return,18.0,f,20,36.5,18.0,26,2015-02-05 13:16:28.654969,4.5,-6,0.7692307692307693,around
3,21,outbound,18.0,f,12,36.5,18.0,26,2015-02-05 13:16:57.723582,9.0,-14,0.46153846153846156,over
3,21,return,18.0,f,12,36.5,18.0,26,2015-02-05 13:16:57.723582,9.0,-14,0.46153846153846156,around
3,22,outbound,18.0,f,16,36.5,18.0,26,2015-02-05 13:17:32.315530,6.0,-10,0.6153846153846154,over
3,22,return,18.0,f,16,36.5,18.0,26,2015-02-05 13:17:32.315530,6.0,-10,0.6153846153846154,around
3,23,outbound,18.0,f,12,36.5,18.0,26,2015-02-05 13:18:05.446004,6.0,-14,0.46153846153846156,over
3,23,return,18.0,f,12,36.5,18.0,26,2015-02-05 13:18:05.446004,6.0,-14,0.46153846153846156,around
3,24,outbound,18.0,f,12,36.5,18.0,26,2015-02-05 13:18:34.358282,4.5,-14,0.46153846153846156,over
3,24,return,18.0,f,12,36.5,18.0,26,2015-02-05 13:18:34.358282,4.5,-14,0.46153846153846156,around
3,25,outbound,18.0,f,16,36.5,18.0,26,2015-02-05 13:19:09.398581,4.5,-10,0.6153846153846154,over
3,25,return,18.0,f,16,36.5,18.0,26,2015-02-05 13:19:09.398581,4.5,-10,0.6153846153846154,around
3,26,outbound,18.0,f,24,36.5,18.0,26,2015-02-05 13:19:37.883566,6.0,-2,0.9230769230769231,around
3,26,return,18.0,f,24,36.5,18.0,26,2015-02-05 13:19:37.883566,6.0,-2,0.9230769230769231,around
3,27,outbound,18.0,f,16,36.5,18.0,26,2015-02-05 13:20:09.851533,12.0,-10,0.6153846153846154,over
3,27,return,18.0,f,16,36.5,18.0,26,2015-02-05 13:20:09.851533,12.0,-10,0.6153846153846154,around
3,28,outbound,18.0,f,12,36.5,18.0,26,2015-02-05 13:20:56.067247,12.0,-14,0.46153846153846156,over
3,28,return,18.0,f,12,36.5,18.0,26,2015-02-05 13:20:56.067247,12.0,-14,0.46153846153846156,around
3,29,outbound,18.0,f,24,36.5,18.0,26,2015-02-05 13:21:57.579248,12.0,-2,0.9230769230769231,around
3,29,return,18.0,f,24,36.5,18.0,26,2015-02-05 13:21:57.579248,12.0,-2,0.9230769230769231,around
3,30,outbound,18.0,f,28,36.5,18.0,26,2015-02-05 13:22:34.077792,12.0,2,1.0769230769230769,around
3,30,return,18.0,f,28,36.5,18.0,26,2015-02-05 13:22:34.077792,12.0,2,1.0769230769230769,around
3,31,outbound,18.0,f,20,36.5,18.0,26,2015-02-05 13:23:07.044815,6.0,-6,0.7692307692307693,over
3,31,return,18.0,f,20,36.5,18.0,26,2015-02-05 13:23:07.044815,6.0,-6,0.7692307692307693,around
3,32,outbound,18.0,f,24,36.5,18.0,26,2015-02-05 13:23:42.845229,7.5,-2,0.9230769230769231,around
3,32,return,18.0,f,24,36.5,18.0,26,2015-02-05 13:23:42.845229,7.5,-2,0.9230769230769231,around
3,33,outbound,18.0,f,28,36.5,18.0,26,2015-02-05 13:24:12.573471,6.0,2,1.0769230769230769,around
3,33,return,18.0,f,28,36.5,18.0,26,2015-02-05 13:24:12.573471,6.0,2,1.0769230769230769,around
3,34,outbound,18.0,f,12,36.5,18.0,26,2015-02-05 13:24:45.085903,7.5,-14,0.46153846153846156,over
3,34,return,18.0,f,12,36.5,18.0,26,2015-02-05 13:24:45.085903,7.5,-14,0.46153846153846156,around
3,35,outbound,18.0,f,12,36.5,18.0,26,2015-02-05 13:25:16.471518,7.5,-14,0.46153846153846156,over
3,35,return,18.0,f,12,36.5,18.0,26,2015-02-05 13:25:16.471518,7.5,-14,0.46153846153846156,around
3,36,outbound,18.0,f,12,36.5,18.0,26,2015-02-05 13:25:44.575305,10.5,-14,0.46153846153846156,over
3,36,return,18.0,f,12,36.5,18.0,26,2015-02-05 13:25:44.575305,10.5,-14,0.46153846153846156,around
3,37,outbound,18.0,f,20,36.5,18.0,26,2015-02-05 13:26:26.110410,9.0,-6,0.7692307692307693,over
3,37,return,18.0,f,20,36.5,18.0,26,2015-02-05 13:26:26.110410,9.0,-6,0.7692307692307693,around
3,38,outbound,18.0,f,16,36.5,18.0,26,2015-02-05 13:27:01.521988,10.5,-10,0.6153846153846154,over
3,38,return,18.0,f,16,36.5,18.0,26,2015-02-05 13:27:01.521988,10.5,-10,0.6153846153846154,around
3,39,outbound,18.0,f,20,36.5,18.0,26,2015-02-05 13:27:34.920869,10.5,-6,0.7692307692307693,around
3,39,return,18.0,f,20,36.5,18.0,26,2015-02-05 13:27:34.920869,10.5,-6,0.7692307692307693,around
3,40,outbound,18.0,f,12,36.5,18.0,26,2015-02-05 13:28:04.614518,4.5,-14,0.46153846153846156,over
3,40,return,18.0,f,12,36.5,18.0,26,2015-02-05 13:28:04.614518,4.5,-14,0.46153846153846156,around
3,41,outbound,18.0,f,28,36.5,18.0,26,2015-02-05 13:28:37.856240,12.0,2,1.0769230769230769,around
3,41,return,18.0,f,28,36.5,18.0,26,2015-02-05 13:28:37.856240,12.0,2,1.0769230769230769,around
3,42,outbound,18.0,f,20,36.5,18.0,26,2015-02-05 13:29:18.561567,4.5,-6,0.7692307692307693,around
3,42,return,18.0,f,20,36.5,18.0,26,2015-02-05 13:29:18.561567,4.5,-6,0.7692307692307693,around
3,43,outbound,18.0,f,16,36.5,18.0,26,2015-02-05 13:29:53.524980,10.5,-10,0.6153846153846154,over
3,43,return,18.0,f,16,36.5,18.0,26,2015-02-05 13:29:53.524980,10.5,-10,0.6153846153846154,around
3,44,outbound,18.0,f,24,36.5,18.0,26,2015-02-05 13:30:28.527063,4.5,-2,0.9230769230769231,around
3,44,return,18.0,f,24,36.5,18.0,26,2015-02-05 13:30:28.527063,4.5,-2,0.9230769230769231,around
3,45,outbound,18.0,f,20,36.5,18.0,26,2015-02-05 13:31:00.303573,6.0,-6,0.7692307692307693,around
3,45,return,18.0,f,20,36.5,18.0,26,2015-02-05 13:31:00.303573,6.0,-6,0.7692307692307693,around
3,46,outbound,18.0,f,28,36.5,18.0,26,2015-02-05 13:31:39.539786,9.0,2,1.0769230769230769,around
3,46,return,18.0,f,28,36.5,18.0,26,2015-02-05 13:31:39.539786,9.0,2,1.0769230769230769,around
3,47,outbound,18.0,f,24,36.5,18.0,26,2015-02-05 13:32:11.090103,9.0,-2,0.9230769230769231,around
3,47,return,18.0,f,24,36.5,18.0,26,2015-02-05 13:32:11.090103,9.0,-2,0.9230769230769231,around
3,48,outbound,18.0,f,28,36.5,18.0,26,2015-02-05 13:32:44.021896,9.0,2,1.0769230769230769,around
3,48,return,18.0,f,28,36.5,18.0,26,2015-02-05 13:32:44.021896,9.0,2,1.0769230769230769,around
3,49,outbound,18.0,f,16,36.5,18.0,26,2015-02-05 13:33:18.686859,7.5,-10,0.6153846153846154,over
3,49,return,18.0,f,16,36.5,18.0,26,2015-02-05 13:33:18.686859,7.5,-10,0.6153846153846154,around
3,50,outbound,18.0,f,24,36.5,18.0,26,2015-02-05 13:33:49.319243,10.5,-2,0.9230769230769231,around
3,50,return,18.0,f,24,36.5,18.0,26,2015-02-05 13:33:49.319243,10.5,-2,0.9230769230769231,around
3,51,outbound,18.0,f,20,36.5,18.0,26,2015-02-05 13:34:25.629249,10.5,-6,0.7692307692307693,around
3,51,return,18.0,f,20,36.5,18.0,26,2015-02-05 13:34:25.629249,10.5,-6,0.7692307692307693,around
3,52,outbound,18.0,f,16,36.5,18.0,26,2015-02-05 13:34:57.154077,12.0,-10,0.6153846153846154,over
3,52,return,18.0,f,16,36.5,18.0,26,2015-02-05 13:34:57.154077,12.0,-10,0.6153846153846154,around
3,53,outbound,18.0,f,24,36.5,18.0,26,2015-02-05 13:35:33.334680,12.0,-2,0.9230769230769231,around
3,53,return,18.0,f,24,36.5,18.0,26,2015-02-05 13:35:33.334680,12.0,-2,0.9230769230769231,around
3,54,outbound,18.0,f,16,36.5,18.0,26,2015-02-05 13:36:08.541613,6.0,-10,0.6153846153846154,over
3,54,return,18.0,f,16,36.5,18.0,26,2015-02-05 13:36:08.541613,6.0,-10,0.6153846153846154,around
4,1,outbound,19.0,m,18,44.0,23.0,32,2015-02-05 13:44:55.791053,4.5,-14,0.5625,around
4,1,return,19.0,m,18,44.0,23.0,32,2015-02-05 13:44:55.791053,4.5,-14,0.5625,around
4,2,outbound,19.0,m,34,44.0,23.0,32,2015-02-05 13:47:26.484923,9.0,2,1.0625,around
4,2,return,19.0,m,34,44.0,23.0,32,2015-02-05 13:47:26.484923,9.0,2,1.0625,around
4,3,outbound,19.0,m,30,44.0,23.0,32,2015-02-05 13:48:04.442940,9.0,-2,0.9375,around
4,3,return,19.0,m,30,44.0,23.0,32,2015-02-05 13:48:04.442940,9.0,-2,0.9375,around
4,4,outbound,19.0,m,26,44.0,23.0,32,2015-02-05 13:48:40.884734,6.0,-6,0.8125,around
4,4,return,19.0,m,26,44.0,23.0,32,2015-02-05 13:48:40.884734,6.0,-6,0.8125,around
4,5,outbound,19.0,m,22,44.0,23.0,32,2015-02-05 13:49:17.060671,6.0,-10,0.6875,over
4,5,return,19.0,m,22,44.0,23.0,32,2015-02-05 13:49:17.060671,6.0,-10,0.6875,around
4,6,outbound,19.0,m,18,44.0,23.0,32,2015-02-05 13:49:49.273416,12.0,-14,0.5625,over
4,6,return,19.0,m,18,44.0,23.0,32,2015-02-05 13:49:49.273416,12.0,-14,0.5625,over
4,7,outbound,19.0,m,22,44.0,23.0,32,2015-02-05 13:50:22.492237,10.5,-10,0.6875,over
4,7,return,19.0,m,22,44.0,23.0,32,2015-02-05 13:50:22.492237,10.5,-10,0.6875,over
4,8,outbound,19.0,m,22,44.0,23.0,32,2015-02-05 13:50:58.696672,6.0,-10,0.6875,over
4,8,return,19.0,m,22,44.0,23.0,32,2015-02-05 13:50:58.696672,6.0,-10,0.6875,over
4,9,outbound,19.0,m,30,44.0,23.0,32,2015-02-05 13:51:42.362926,9.0,-2,0.9375,around
4,9,return,19.0,m,30,44.0,23.0,32,2015-02-05 13:51:42.362926,9.0,-2,0.9375,around
4,10,outbound,19.0,m,30,44.0,23.0,32,2015-02-05 13:52:18.579414,4.5,-2,0.9375,around
4,10,return,19.0,m,30,44.0,23.0,32,2015-02-05 13:52:18.579414,4.5,-2,0.9375,around
4,11,outbound,19.0,m,30,44.0,23.0,32,2015-02-05 13:52:52.612001,12.0,-2,0.9375,around
4,11,return,19.0,m,30,44.0,23.0,32,2015-02-05 13:52:52.612001,12.0,-2,0.9375,around
4,12,outbound,19.0,m,18,44.0,23.0,32,2015-02-05 13:53:34.498697,10.5,-14,0.5625,over
4,12,return,19.0,m,18,44.0,23.0,32,2015-02-05 13:53:34.498697,10.5,-14,0.5625,over
4,13,outbound,19.0,m,18,44.0,23.0,32,2015-02-05 13:54:09.631317,10.5,-14,0.5625,over
4,13,return,19.0,m,18,44.0,23.0,32,2015-02-05 13:54:09.631317,10.5,-14,0.5625,over
4,14,outbound,19.0,m,22,44.0,23.0,32,2015-02-05 13:54:40.470619,7.5,-10,0.6875,over
4,14,return,19.0,m,22,44.0,23.0,32,2015-02-05 13:54:40.470619,7.5,-10,0.6875,over
4,15,outbound,19.0,m,34,44.0,23.0,32,2015-02-05 13:55:15.918755,12.0,2,1.0625,around
4,15,return,19.0,m,34,44.0,23.0,32,2015-02-05 13:55:15.918755,12.0,2,1.0625,around
4,16,outbound,19.0,m,18,44.0,23.0,32,2015-02-05 13:55:52.994950,7.5,-14,0.5625,over
4,16,return,19.0,m,18,44.0,23.0,32,2015-02-05 13:55:52.994950,7.5,-14,0.5625,over
4,17,outbound,19.0,m,26,44.0,23.0,32,2015-02-05 13:56:29.300334,7.5,-6,0.8125,over
4,17,return,19.0,m,26,44.0,23.0,32,2015-02-05 13:56:29.300334,7.5,-6,0.8125,around
4,18,outbound,19.0,m,30,44.0,23.0,32,2015-02-05 13:57:01.366331,10.5,-2,0.9375,around
4,18,return,19.0,m,30,44.0,23.0,32,2015-02-05 13:57:01.366331,10.5,-2,0.9375,around
4,19,outbound,19.0,m,26,44.0,23.0,32,2015-02-05 13:57:40.508574,12.0,-6,0.8125,over
4,19,return,19.0,m,26,44.0,23.0,32,2015-02-05 13:57:40.508574,12.0,-6,0.8125,over
4,20,outbound,19.0,m,18,44.0,23.0,32,2015-02-05 13:58:20.911504,6.0,-14,0.5625,over
4,20,return,19.0,m,18,44.0,23.0,32,2015-02-05 13:58:20.911504,6.0,-14,0.5625,over
4,21,outbound,19.0,m,26,44.0,23.0,32,2015-02-05 13:58:58.445311,10.5,-6,0.8125,around
4,21,return,19.0,m,26,44.0,23.0,32,2015-02-05 13:58:58.445311,10.5,-6,0.8125,around
4,22,outbound,19.0,m,26,44.0,23.0,32,2015-02-05 13:59:33.805193,4.5,-6,0.8125,around
4,22,return,19.0,m,26,44.0,23.0,32,2015-02-05 13:59:33.805193,4.5,-6,0.8125,around
4,23,outbound,19.0,m,26,44.0,23.0,32,2015-02-05 14:00:06.696037,9.0,-6,0.8125,around
4,23,return,19.0,m,26,44.0,23.0,32,2015-02-05 14:00:06.696037,9.0,-6,0.8125,around
4,24,outbound,19.0,m,18,44.0,23.0,32,2015-02-05 14:00:40.995933,7.5,-14,0.5625,over
4,24,return,19.0,m,18,44.0,23.0,32,2015-02-05 14:00:40.995933,7.5,-14,0.5625,over
4,25,outbound,19.0,m,22,44.0,23.0,32,2015-02-05 14:01:14.760044,9.0,-10,0.6875,over
4,25,return,19.0,m,22,44.0,23.0,32,2015-02-05 14:01:14.760044,9.0,-10,0.6875,over
4,26,outbound,19.0,m,34,44.0,23.0,32,2015-02-05 14:01:46.196625,9.0,2,1.0625,around
4,26,return,19.0,m,34,44.0,23.0,32,2015-02-05 14:01:46.196625,9.0,2,1.0625,around
4,27,outbound,19.0,m,22,44.0,23.0,32,2015-02-05 14:02:16.669857,9.0,-10,0.6875,over
4,27,return,19.0,m,22,44.0,23.0,32,2015-02-05 14:02:16.669857,9.0,-10,0.6875,over
4,28,outbound,19.0,m,18,44.0,23.0,32,2015-02-05 14:02:48.773818,9.0,-14,0.5625,over
4,28,return,19.0,m,18,44.0,23.0,32,2015-02-05 14:02:48.773818,9.0,-14,0.5625,over
4,29,outbound,19.0,m,26,44.0,23.0,32,2015-02-05 14:05:41.678166,10.5,-6,0.8125,around
4,29,return,19.0,m,26,44.0,23.0,32,2015-02-05 14:05:41.678166,10.5,-6,0.8125,around
4,30,outbound,19.0,m,26,44.0,23.0,32,2015-02-05 14:06:16.576838,4.5,-6,0.8125,around
4,30,return,19.0,m,26,44.0,23.0,32,2015-02-05 14:06:16.576838,4.5,-6,0.8125,around
4,31,outbound,19.0,m,30,44.0,23.0,32,2015-02-05 14:06:52.775038,6.0,-2,0.9375,around
4,31,return,19.0,m,30,44.0,23.0,32,2015-02-05 14:06:52.775038,6.0,-2,0.9375,around
4,32,outbound,19.0,m,22,44.0,23.0,32,2015-02-05 14:07:28.886408,4.5,-10,0.6875,over
4,32,return,19.0,m,22,44.0,23.0,32,2015-02-05 14:07:28.886408,4.5,-10,0.6875,over
4,33,outbound,19.0,m,30,44.0,23.0,32,2015-02-05 14:08:02.715424,4.5,-2,0.9375,around
4,33,return,19.0,m,30,44.0,23.0,32,2015-02-05 14:08:02.715424,4.5,-2,0.9375,around
4,34,outbound,19.0,m,26,44.0,23.0,32,2015-02-05 14:08:30.624399,9.0,-6,0.8125,over
4,34,return,19.0,m,26,44.0,23.0,32,2015-02-05 14:08:30.624399,9.0,-6,0.8125,around
4,35,outbound,19.0,m,18,44.0,23.0,32,2015-02-05 14:09:05.932669,12.0,-14,0.5625,over
4,35,return,19.0,m,18,44.0,23.0,32,2015-02-05 14:09:05.932669,12.0,-14,0.5625,over
4,36,outbound,19.0,m,34,44.0,23.0,32,2015-02-05 14:09:40.546963,6.0,2,1.0625,around
4,36,return,19.0,m,34,44.0,23.0,32,2015-02-05 14:09:40.546963,6.0,2,1.0625,around
4,37,outbound,19.0,m,22,44.0,23.0,32,2015-02-05 14:10:15.074128,4.5,-10,0.6875,over
4,37,return,19.0,m,22,44.0,23.0,32,2015-02-05 14:10:15.074128,4.5,-10,0.6875,over
4,38,outbound,19.0,m,30,44.0,23.0,32,2015-02-05 14:10:48.843636,7.5,-2,0.9375,around
4,38,return,19.0,m,30,44.0,23.0,32,2015-02-05 14:10:48.843636,7.5,-2,0.9375,around
4,39,outbound,19.0,m,18,44.0,23.0,32,2015-02-05 14:11:23.093762,6.0,-14,0.5625,over
4,39,return,19.0,m,18,44.0,23.0,32,2015-02-05 14:11:23.093762,6.0,-14,0.5625,over
4,40,outbound,19.0,m,18,44.0,23.0,32,2015-02-05 14:11:58.458694,9.0,-14,0.5625,over
4,40,return,19.0,m,18,44.0,23.0,32,2015-02-05 14:11:58.458694,9.0,-14,0.5625,over
4,41,outbound,19.0,m,34,44.0,23.0,32,2015-02-05 14:12:29.972760,12.0,2,1.0625,around
4,41,return,19.0,m,34,44.0,23.0,32,2015-02-05 14:12:29.972760,12.0,2,1.0625,around
4,42,outbound,19.0,m,30,44.0,23.0,32,2015-02-05 14:13:08.886236,10.5,-2,0.9375,around
4,42,return,19.0,m,30,44.0,23.0,32,2015-02-05 14:13:08.886236,10.5,-2,0.9375,around
4,43,outbound,19.0,m,30,44.0,23.0,32,2015-02-05 14:13:43.657020,6.0,-2,0.9375,around
4,43,return,19.0,m,30,44.0,23.0,32,2015-02-05 14:13:43.657020,6.0,-2,0.9375,around
4,44,outbound,19.0,m,26,44.0,23.0,32,2015-02-05 14:14:18.805124,12.0,-6,0.8125,over
4,44,return,19.0,m,26,44.0,23.0,32,2015-02-05 14:14:18.805124,12.0,-6,0.8125,around
4,45,outbound,19.0,m,22,44.0,23.0,32,2015-02-05 14:14:54.753118,12.0,-10,0.6875,over
4,45,return,19.0,m,22,44.0,23.0,32,2015-02-05 14:14:54.753118,12.0,-10,0.6875,over
4,46,outbound,19.0,m,18,44.0,23.0,32,2015-02-05 14:15:26.422581,4.5,-14,0.5625,over
4,46,return,19.0,m,18,44.0,23.0,32,2015-02-05 14:15:26.422581,4.5,-14,0.5625,over
4,47,outbound,19.0,m,22,44.0,23.0,32,2015-02-05 14:16:00.615816,7.5,-10,0.6875,over
4,47,return,19.0,m,22,44.0,23.0,32,2015-02-05 14:16:00.615816,7.5,-10,0.6875,over
4,48,outbound,19.0,m,26,44.0,23.0,32,2015-02-05 14:16:32.177342,7.5,-6,0.8125,around
4,48,return,19.0,m,26,44.0,23.0,32,2015-02-05 14:16:32.177342,7.5,-6,0.8125,around
4,49,outbound,19.0,m,22,44.0,23.0,32,2015-02-05 14:17:03.096474,12.0,-10,0.6875,over
4,49,return,19.0,m,22,44.0,23.0,32,2015-02-05 14:17:03.096474,12.0,-10,0.6875,over
4,50,outbound,19.0,m,26,44.0,23.0,32,2015-02-05 14:17:42.284971,6.0,-6,0.8125,over
4,50,return,19.0,m,26,44.0,23.0,32,2015-02-05 14:17:42.284971,6.0,-6,0.8125,around
4,51,outbound,19.0,m,22,44.0,23.0,32,2015-02-05 14:18:19.093324,10.5,-10,0.6875,over
4,51,return,19.0,m,22,44.0,23.0,32,2015-02-05 14:18:19.093324,10.5,-10,0.6875,over
4,52,outbound,19.0,m,34,44.0,23.0,32,2015-02-05 14:18:54.496368,6.0,2,1.0625,around
4,52,return,19.0,m,34,44.0,23.0,32,2015-02-05 14:18:54.496368,6.0,2,1.0625,around
4,53,outbound,19.0,m,30,44.0,23.0,32,2015-02-05 14:19:27.387931,7.5,-2,0.9375,around
4,53,return,19.0,m,30,44.0,23.0,32,2015-02-05 14:19:27.387931,7.5,-2,0.9375,around
4,54,outbound,19.0,m,30,44.0,23.0,32,2015-02-05 14:20:03.025298,12.0,-2,0.9375,around
4,54,return,19.0,m,30,44.0,23.0,32,2015-02-05 14:20:03.025298,12.0,-2,0.9375,around
5,1,outbound,20.0,m,20,45.0,23.25,30,2015-02-05 15:03:18.675973,6.0,-10,0.6666666666666666,over
5,1,return,20.0,m,20,45.0,23.25,30,2015-02-05 15:03:18.675973,6.0,-10,0.6666666666666666,around
5,2,outbound,20.0,m,16,45.0,23.25,30,2015-02-05 15:05:21.850224,6.0,-14,0.5333333333333333,over
5,2,return,20.0,m,16,45.0,23.25,30,2015-02-05 15:05:21.850224,6.0,-14,0.5333333333333333,around
5,3,outbound,20.0,m,24,45.0,23.25,30,2015-02-05 15:06:02.041860,7.5,-6,0.8,around
5,3,return,20.0,m,24,45.0,23.25,30,2015-02-05 15:06:02.041860,7.5,-6,0.8,around
5,4,outbound,20.0,m,32,45.0,23.25,30,2015-02-05 15:06:40.872065,9.0,2,1.0666666666666667,around
5,4,return,20.0,m,32,45.0,23.25,30,2015-02-05 15:06:40.872065,9.0,2,1.0666666666666667,around
5,5,outbound,20.0,m,24,45.0,23.25,30,2015-02-05 15:07:14.398076,9.0,-6,0.8,over
5,5,return,20.0,m,24,45.0,23.25,30,2015-02-05 15:07:14.398076,9.0,-6,0.8,over
5,6,outbound,20.0,m,16,45.0,23.25,30,2015-02-05 15:07:46.994101,4.5,-14,0.5333333333333333,over
5,6,return,20.0,m,16,45.0,23.25,30,2015-02-05 15:07:46.994101,4.5,-14,0.5333333333333333,over
5,7,outbound,20.0,m,28,45.0,23.25,30,2015-02-05 15:08:19.736097,12.0,-2,0.9333333333333333,around
5,7,return,20.0,m,28,45.0,23.25,30,2015-02-05 15:08:19.736097,12.0,-2,0.9333333333333333,around
5,8,outbound,20.0,m,20,45.0,23.25,30,2015-02-05 15:08:58.775063,6.0,-10,0.6666666666666666,over
5,8,return,20.0,m,20,45.0,23.25,30,2015-02-05 15:08:58.775063,6.0,-10,0.6666666666666666,over
5,9,outbound,20.0,m,20,45.0,23.25,30,2015-02-05 15:09:34.804169,4.5,-10,0.6666666666666666,over
5,9,return,20.0,m,20,45.0,23.25,30,2015-02-05 15:09:34.804169,4.5,-10,0.6666666666666666,over
5,10,outbound,20.0,m,28,45.0,23.25,30,2015-02-05 15:10:08.854742,7.5,-2,0.9333333333333333,around
5,10,return,20.0,m,28,45.0,23.25,30,2015-02-05 15:10:08.854742,7.5,-2,0.9333333333333333,around
5,11,outbound,20.0,m,24,45.0,23.25,30,2015-02-05 15:10:41.129200,12.0,-6,0.8,over
5,11,return,20.0,m,24,45.0,23.25,30,2015-02-05 15:10:41.129200,12.0,-6,0.8,over
5,12,outbound,20.0,m,24,45.0,23.25,30,2015-02-05 15:11:16.171507,10.5,-6,0.8,over
5,12,return,20.0,m,24,45.0,23.25,30,2015-02-05 15:11:16.171507,10.5,-6,0.8,over
5,13,outbound,20.0,m,32,45.0,23.25,30,2015-02-05 15:11:52.000676,6.0,2,1.0666666666666667,around
5,13,return,20.0,m,32,45.0,23.25,30,2015-02-05 15:11:52.000676,6.0,2,1.0666666666666667,around
5,14,outbound,20.0,m,16,45.0,23.25,30,2015-02-05 15:12:24.712534,9.0,-14,0.5333333333333333,over
5,14,return,20.0,m,16,45.0,23.25,30,2015-02-05 15:12:24.712534,9.0,-14,0.5333333333333333,over
5,15,outbound,20.0,m,20,45.0,23.25,30,2015-02-05 15:12:55.506473,10.5,-10,0.6666666666666666,over
5,15,return,20.0,m,20,45.0,23.25,30,2015-02-05 15:12:55.506473,10.5,-10,0.6666666666666666,over
5,16,outbound,20.0,m,32,45.0,23.25,30,2015-02-05 15:13:28.898376,9.0,2,1.0666666666666667,around
5,16,return,20.0,m,32,45.0,23.25,30,2015-02-05 15:13:28.898376,9.0,2,1.0666666666666667,around
5,17,outbound,20.0,m,24,45.0,23.25,30,2015-02-05 15:14:01.883457,9.0,-6,0.8,over
5,17,return,20.0,m,24,45.0,23.25,30,2015-02-05 15:14:01.883457,9.0,-6,0.8,over
5,18,outbound,20.0,m,24,45.0,23.25,30,2015-02-05 15:14:36.688012,6.0,-6,0.8,around
5,18,return,20.0,m,24,45.0,23.25,30,2015-02-05 15:14:36.688012,6.0,-6,0.8,around
5,19,outbound,20.0,m,32,45.0,23.25,30,2015-02-05 15:15:08.872694,12.0,2,1.0666666666666667,around
5,19,return,20.0,m,32,45.0,23.25,30,2015-02-05 15:15:08.872694,12.0,2,1.0666666666666667,around
5,20,outbound,20.0,m,20,45.0,23.25,30,2015-02-05 15:15:45.591165,9.0,-10,0.6666666666666666,over
5,20,return,20.0,m,20,45.0,23.25,30,2015-02-05 15:15:45.591165,9.0,-10,0.6666666666666666,over
5,21,outbound,20.0,m,20,45.0,23.25,30,2015-02-05 15:16:17.433494,12.0,-10,0.6666666666666666,over
5,21,return,20.0,m,20,45.0,23.25,30,2015-02-05 15:16:17.433494,12.0,-10,0.6666666666666666,over
5,22,outbound,20.0,m,24,45.0,23.25,30,2015-02-05 15:16:50.197588,4.5,-6,0.8,around
5,22,return,20.0,m,24,45.0,23.25,30,2015-02-05 15:16:50.197588,4.5,-6,0.8,around
5,23,outbound,20.0,m,16,45.0,23.25,30,2015-02-05 15:17:29.436461,10.5,-14,0.5333333333333333,over
5,23,return,20.0,m,16,45.0,23.25,30,2015-02-05 15:17:29.436461,10.5,-14,0.5333333333333333,over
5,24,outbound,20.0,m,28,45.0,23.25,30,2015-02-05 15:18:04.703243,9.0,-2,0.9333333333333333,around
5,24,return,20.0,m,28,45.0,23.25,30,2015-02-05 15:18:04.703243,9.0,-2,0.9333333333333333,around
5,25,outbound,20.0,m,16,45.0,23.25,30,2015-02-05 15:18:49.224346,6.0,-14,0.5333333333333333,over
5,25,return,20.0,m,16,45.0,23.25,30,2015-02-05 15:18:49.224346,6.0,-14,0.5333333333333333,over
5,26,outbound,20.0,m,32,45.0,23.25,30,2015-02-05 15:19:21.950989,12.0,2,1.0666666666666667,around
5,26,return,20.0,m,32,45.0,23.25,30,2015-02-05 15:19:21.950989,12.0,2,1.0666666666666667,around
5,27,outbound,20.0,m,28,45.0,23.25,30,2015-02-05 15:20:02.479914,4.5,-2,0.9333333333333333,over
5,27,return,20.0,m,28,45.0,23.25,30,2015-02-05 15:20:02.479914,4.5,-2,0.9333333333333333,over
5,28,outbound,20.0,m,28,45.0,23.25,30,2015-02-05 15:20:38.208048,6.0,-2,0.9333333333333333,around
5,28,return,20.0,m,28,45.0,23.25,30,2015-02-05 15:20:38.208048,6.0,-2,0.9333333333333333,around
5,29,outbound,20.0,m,24,45.0,23.25,30,2015-02-05 15:21:18.890564,10.5,-6,0.8,over
5,29,return,20.0,m,24,45.0,23.25,30,2015-02-05 15:21:18.890564,10.5,-6,0.8,over
5,30,outbound,20.0,m,16,45.0,23.25,30,2015-02-05 15:21:54.285880,9.0,-14,0.5333333333333333,over
5,30,return,20.0,m,16,45.0,23.25,30,2015-02-05 15:21:54.285880,9.0,-14,0.5333333333333333,over
5,31,outbound,20.0,m,28,45.0,23.25,30,2015-02-05 15:22:28.274771,10.5,-2,0.9333333333333333,around
5,31,return,20.0,m,28,45.0,23.25,30,2015-02-05 15:22:28.274771,10.5,-2,0.9333333333333333,around
5,32,outbound,20.0,m,20,45.0,23.25,30,2015-02-05 15:23:04.822307,7.5,-10,0.6666666666666666,over
5,32,return,20.0,m,20,45.0,23.25,30,2015-02-05 15:23:04.822307,7.5,-10,0.6666666666666666,over
5,33,outbound,20.0,m,24,45.0,23.25,30,2015-02-05 15:23:40.440171,7.5,-6,0.8,over
5,33,return,20.0,m,24,45.0,23.25,30,2015-02-05 15:23:40.440171,7.5,-6,0.8,over
5,34,outbound,20.0,m,20,45.0,23.25,30,2015-02-05 15:24:13.593372,9.0,-10,0.6666666666666666,over
5,34,return,20.0,m,20,45.0,23.25,30,2015-02-05 15:24:13.593372,9.0,-10,0.6666666666666666,over
5,35,outbound,20.0,m,20,45.0,23.25,30,2015-02-05 15:24:47.412120,12.0,-10,0.6666666666666666,over
5,35,return,20.0,m,20,45.0,23.25,30,2015-02-05 15:24:47.412120,12.0,-10,0.6666666666666666,over
5,36,outbound,20.0,m,32,45.0,23.25,30,2015-02-05 15:25:22.040057,6.0,2,1.0666666666666667,around
5,36,return,20.0,m,32,45.0,23.25,30,2015-02-05 15:25:22.040057,6.0,2,1.0666666666666667,around
5,37,outbound,20.0,m,16,45.0,23.25,30,2015-02-05 15:25:58.873903,7.5,-14,0.5333333333333333,over
5,37,return,20.0,m,16,45.0,23.25,30,2015-02-05 15:25:58.873903,7.5,-14,0.5333333333333333,over
5,38,outbound,20.0,m,16,45.0,23.25,30,2015-02-05 15:26:38.613466,10.5,-14,0.5333333333333333,over
5,38,return,20.0,m,16,45.0,23.25,30,2015-02-05 15:26:38.613466,10.5,-14,0.5333333333333333,over
5,39,outbound,20.0,m,24,45.0,23.25,30,2015-02-05 15:27:08.983016,12.0,-6,0.8,over
5,39,return,20.0,m,24,45.0,23.25,30,2015-02-05 15:27:08.983016,12.0,-6,0.8,over
5,40,outbound,20.0,m,28,45.0,23.25,30,2015-02-05 15:27:40.240505,4.5,-2,0.9333333333333333,around
5,40,return,20.0,m,28,45.0,23.25,30,2015-02-05 15:27:40.240505,4.5,-2,0.9333333333333333,around
5,41,outbound,20.0,m,20,45.0,23.25,30,2015-02-05 15:28:13.844252,7.5,-10,0.6666666666666666,over
5,41,return,20.0,m,20,45.0,23.25,30,2015-02-05 15:28:13.844252,7.5,-10,0.6666666666666666,over
5,42,outbound,20.0,m,24,45.0,23.25,30,2015-02-05 15:28:45.113038,6.0,-6,0.8,around
5,42,return,20.0,m,24,45.0,23.25,30,2015-02-05 15:28:45.113038,6.0,-6,0.8,around
5,43,outbound,20.0,m,24,45.0,23.25,30,2015-02-05 15:29:20.010842,4.5,-6,0.8,around
5,43,return,20.0,m,24,45.0,23.25,30,2015-02-05 15:29:20.010842,4.5,-6,0.8,around
5,44,outbound,20.0,m,28,45.0,23.25,30,2015-02-05 15:29:50.525626,7.5,-2,0.9333333333333333,around
5,44,return,20.0,m,28,45.0,23.25,30,2015-02-05 15:29:50.525626,7.5,-2,0.9333333333333333,around
5,45,outbound,20.0,m,28,45.0,23.25,30,2015-02-05 15:30:31.769744,6.0,-2,0.9333333333333333,around
5,45,return,20.0,m,28,45.0,23.25,30,2015-02-05 15:30:31.769744,6.0,-2,0.9333333333333333,around
5,46,outbound,20.0,m,16,45.0,23.25,30,2015-02-05 15:31:04.917526,7.5,-14,0.5333333333333333,over
5,46,return,20.0,m,16,45.0,23.25,30,2015-02-05 15:31:04.917526,7.5,-14,0.5333333333333333,over
5,47,outbound,20.0,m,28,45.0,23.25,30,2015-02-05 15:31:35.582640,9.0,-2,0.9333333333333333,around
5,47,return,20.0,m,28,45.0,23.25,30,2015-02-05 15:31:35.582640,9.0,-2,0.9333333333333333,around
5,48,outbound,20.0,m,20,45.0,23.25,30,2015-02-05 15:32:07.953167,10.5,-10,0.6666666666666666,over
5,48,return,20.0,m,20,45.0,23.25,30,2015-02-05 15:32:07.953167,10.5,-10,0.6666666666666666,over
5,49,outbound,20.0,m,28,45.0,23.25,30,2015-02-05 15:32:37.078429,12.0,-2,0.9333333333333333,over
5,49,return,20.0,m,28,45.0,23.25,30,2015-02-05 15:32:37.078429,12.0,-2,0.9333333333333333,over
5,50,outbound,20.0,m,16,45.0,23.25,30,2015-02-05 15:33:11.884395,12.0,-14,0.5333333333333333,over
5,50,return,20.0,m,16,45.0,23.25,30,2015-02-05 15:33:11.884395,12.0,-14,0.5333333333333333,over
5,51,outbound,20.0,m,20,45.0,23.25,30,2015-02-05 15:33:42.763316,4.5,-10,0.6666666666666666,over
5,51,return,20.0,m,20,45.0,23.25,30,2015-02-05 15:33:42.763316,4.5,-10,0.6666666666666666,over
5,52,outbound,20.0,m,16,45.0,23.25,30,2015-02-05 15:34:19.705513,12.0,-14,0.5333333333333333,over
5,52,return,20.0,m,16,45.0,23.25,30,2015-02-05 15:34:19.705513,12.0,-14,0.5333333333333333,over
5,53,outbound,20.0,m,28,45.0,23.25,30,2015-02-05 15:34:54.143032,10.5,-2,0.9333333333333333,around
5,53,return,20.0,m,28,45.0,23.25,30,2015-02-05 15:34:54.143032,10.5,-2,0.9333333333333333,around
5,54,outbound,20.0,m,16,45.0,23.25,30,2015-02-05 15:35:28.801901,4.5,-14,0.5333333333333333,over
5,54,return,20.0,m,16,45.0,23.25,30,2015-02-05 15:35:28.801901,4.5,-14,0.5333333333333333,over
6,1,outbound,19.0,f,24,37.0,18.0,26,2015-02-06 09:08:22.255897,10.5,-2,0.9230769230769231,over
6,1,return,19.0,f,24,37.0,18.0,26,2015-02-06 09:08:22.255897,10.5,-2,0.9230769230769231,around
6,2,outbound,19.0,f,24,37.0,18.0,26,2015-02-06 09:28:35.760814,4.5,-2,0.9230769230769231,around
6,2,return,19.0,f,24,37.0,18.0,26,2015-02-06 09:28:35.760814,4.5,-2,0.9230769230769231,around
6,3,outbound,19.0,f,20,37.0,18.0,26,2015-02-06 09:29:24.320701,9.0,-6,0.7692307692307693,over
6,3,return,19.0,f,20,37.0,18.0,26,2015-02-06 09:29:24.320701,9.0,-6,0.7692307692307693,over
6,4,outbound,19.0,f,20,37.0,18.0,26,2015-02-06 09:30:07.628893,4.5,-6,0.7692307692307693,around
6,4,return,19.0,f,20,37.0,18.0,26,2015-02-06 09:30:07.628893,4.5,-6,0.7692307692307693,around
6,5,outbound,19.0,f,20,37.0,18.0,26,2015-02-06 09:30:44.281983,6.0,-6,0.7692307692307693,around
6,5,return,19.0,f,20,37.0,18.0,26,2015-02-06 09:30:44.281983,6.0,-6,0.7692307692307693,around
6,6,outbound,19.0,f,20,37.0,18.0,26,2015-02-06 09:31:29.064676,7.5,-6,0.7692307692307693,around
6,6,return,19.0,f,20,37.0,18.0,26,2015-02-06 09:31:29.064676,7.5,-6,0.7692307692307693,around
6,7,outbound,19.0,f,16,37.0,18.0,26,2015-02-06 09:32:07.694317,10.5,-10,0.6153846153846154,over
6,7,return,19.0,f,16,37.0,18.0,26,2015-02-06 09:32:07.694317,10.5,-10,0.6153846153846154,over
6,8,outbound,19.0,f,28,37.0,18.0,26,2015-02-06 09:32:47.728346,6.0,2,1.0769230769230769,around
6,8,return,19.0,f,28,37.0,18.0,26,2015-02-06 09:32:47.728346,6.0,2,1.0769230769230769,around
6,9,outbound,19.0,f,20,37.0,18.0,26,2015-02-06 09:33:27.355321,12.0,-6,0.7692307692307693,around
6,9,return,19.0,f,20,37.0,18.0,26,2015-02-06 09:33:27.355321,12.0,-6,0.7692307692307693,around
6,10,outbound,19.0,f,28,37.0,18.0,26,2015-02-06 09:34:09.416492,6.0,2,1.0769230769230769,around
6,10,return,19.0,f,28,37.0,18.0,26,2015-02-06 09:34:09.416492,6.0,2,1.0769230769230769,around
6,11,outbound,19.0,f,12,37.0,18.0,26,2015-02-06 09:34:47.277000,10.5,-14,0.46153846153846156,over
6,11,return,19.0,f,12,37.0,18.0,26,2015-02-06 09:34:47.277000,10.5,-14,0.46153846153846156,over
6,12,outbound,19.0,f,12,37.0,18.0,26,2015-02-06 09:35:27.967727,6.0,-14,0.46153846153846156,over
6,12,return,19.0,f,12,37.0,18.0,26,2015-02-06 09:35:27.967727,6.0,-14,0.46153846153846156,over
6,13,outbound,19.0,f,28,37.0,18.0,26,2015-02-06 09:36:05.536207,9.0,2,1.0769230769230769,around
6,13,return,19.0,f,28,37.0,18.0,26,2015-02-06 09:36:05.536207,9.0,2,1.0769230769230769,around
6,14,outbound,19.0,f,24,37.0,18.0,26,2015-02-06 09:36:41.950436,6.0,-2,0.9230769230769231,around
6,14,return,19.0,f,24,37.0,18.0,26,2015-02-06 09:36:41.950436,6.0,-2,0.9230769230769231,around
6,15,outbound,19.0,f,28,37.0,18.0,26,2015-02-06 09:37:17.629334,12.0,2,1.0769230769230769,around
6,15,return,19.0,f,28,37.0,18.0,26,2015-02-06 09:37:17.629334,12.0,2,1.0769230769230769,around
6,16,outbound,19.0,f,16,37.0,18.0,26,2015-02-06 09:38:05.006852,12.0,-10,0.6153846153846154,over
6,16,return,19.0,f,16,37.0,18.0,26,2015-02-06 09:38:05.006852,12.0,-10,0.6153846153846154,over
6,17,outbound,19.0,f,20,37.0,18.0,26,2015-02-06 09:38:40.469975,12.0,-6,0.7692307692307693,around
6,17,return,19.0,f,20,37.0,18.0,26,2015-02-06 09:38:40.469975,12.0,-6,0.7692307692307693,around
6,18,outbound,19.0,f,28,37.0,18.0,26,2015-02-06 09:39:14.554451,9.0,2,1.0769230769230769,around
6,18,return,19.0,f,28,37.0,18.0,26,2015-02-06 09:39:14.554451,9.0,2,1.0769230769230769,around
6,19,outbound,19.0,f,24,37.0,18.0,26,2015-02-06 09:39:51.420996,7.5,-2,0.9230769230769231,around
6,19,return,19.0,f,24,37.0,18.0,26,2015-02-06 09:39:51.420996,7.5,-2,0.9230769230769231,around
6,20,outbound,19.0,f,28,37.0,18.0,26,2015-02-06 09:40:26.651098,12.0,2,1.0769230769230769,around
6,20,return,19.0,f,28,37.0,18.0,26,2015-02-06 09:40:26.651098,12.0,2,1.0769230769230769,around
6,21,outbound,19.0,f,16,37.0,18.0,26,2015-02-06 09:41:03.459799,10.5,-10,0.6153846153846154,over
6,21,return,19.0,f,16,37.0,18.0,26,2015-02-06 09:41:03.459799,10.5,-10,0.6153846153846154,over
6,22,outbound,19.0,f,20,37.0,18.0,26,2015-02-06 09:41:44.791688,7.5,-6,0.7692307692307693,around
6,22,return,19.0,f,20,37.0,18.0,26,2015-02-06 09:41:44.791688,7.5,-6,0.7692307692307693,around
6,23,outbound,19.0,f,24,37.0,18.0,26,2015-02-06 09:42:20.104683,7.5,-2,0.9230769230769231,around
6,23,return,19.0,f,24,37.0,18.0,26,2015-02-06 09:42:20.104683,7.5,-2,0.9230769230769231,around
6,24,outbound,19.0,f,20,37.0,18.0,26,2015-02-06 09:42:51.837985,6.0,-6,0.7692307692307693,around
6,24,return,19.0,f,20,37.0,18.0,26,2015-02-06 09:42:51.837985,6.0,-6,0.7692307692307693,around
6,25,outbound,19.0,f,12,37.0,18.0,26,2015-02-06 09:43:28.224347,12.0,-14,0.46153846153846156,over
6,25,return,19.0,f,12,37.0,18.0,26,2015-02-06 09:43:28.224347,12.0,-14,0.46153846153846156,over
6,26,outbound,19.0,f,24,37.0,18.0,26,2015-02-06 09:44:05.843757,4.5,-2,0.9230769230769231,around
6,26,return,19.0,f,24,37.0,18.0,26,2015-02-06 09:44:05.843757,4.5,-2,0.9230769230769231,around
6,27,outbound,19.0,f,12,37.0,18.0,26,2015-02-06 09:44:44.054387,9.0,-14,0.46153846153846156,over
6,27,return,19.0,f,12,37.0,18.0,26,2015-02-06 09:44:44.054387,9.0,-14,0.46153846153846156,over
6,28,outbound,19.0,f,12,37.0,18.0,26,2015-02-06 09:45:30.176969,7.5,-14,0.46153846153846156,over
6,28,return,19.0,f,12,37.0,18.0,26,2015-02-06 09:45:30.176969,7.5,-14,0.46153846153846156,over
6,29,outbound,19.0,f,16,37.0,18.0,26,2015-02-06 09:46:29.475825,6.0,-10,0.6153846153846154,around
6,29,return,19.0,f,16,37.0,18.0,26,2015-02-06 09:46:29.475825,6.0,-10,0.6153846153846154,around
6,30,outbound,19.0,f,20,37.0,18.0,26,2015-02-06 09:47:05.668928,9.0,-6,0.7692307692307693,around
6,30,return,19.0,f,20,37.0,18.0,26,2015-02-06 09:47:05.668928,9.0,-6,0.7692307692307693,around
6,31,outbound,19.0,f,24,37.0,18.0,26,2015-02-06 09:47:42.085313,12.0,-2,0.9230769230769231,around
6,31,return,19.0,f,24,37.0,18.0,26,2015-02-06 09:47:42.085313,12.0,-2,0.9230769230769231,around
6,32,outbound,19.0,f,16,37.0,18.0,26,2015-02-06 09:48:19.540707,4.5,-10,0.6153846153846154,over
6,32,return,19.0,f,16,37.0,18.0,26,2015-02-06 09:48:19.540707,4.5,-10,0.6153846153846154,around
6,33,outbound,19.0,f,16,37.0,18.0,26,2015-02-06 09:49:02.905690,12.0,-10,0.6153846153846154,over
6,33,return,19.0,f,16,37.0,18.0,26,2015-02-06 09:49:02.905690,12.0,-10,0.6153846153846154,over
6,34,outbound,19.0,f,12,37.0,18.0,26,2015-02-06 09:49:41.256531,7.5,-14,0.46153846153846156,over
6,34,return,19.0,f,12,37.0,18.0,26,2015-02-06 09:49:41.256531,7.5,-14,0.46153846153846156,over
6,35,outbound,19.0,f,24,37.0,18.0,26,2015-02-06 09:50:18.782675,12.0,-2,0.9230769230769231,around
6,35,return,19.0,f,24,37.0,18.0,26,2015-02-06 09:50:18.782675,12.0,-2,0.9230769230769231,around
6,36,outbound,19.0,f,16,37.0,18.0,26,2015-02-06 09:50:57.483911,6.0,-10,0.6153846153846154,around
6,36,return,19.0,f,16,37.0,18.0,26,2015-02-06 09:50:57.483911,6.0,-10,0.6153846153846154,around
6,37,outbound,19.0,f,24,37.0,18.0,26,2015-02-06 09:51:35.922503,6.0,-2,0.9230769230769231,around
6,37,return,19.0,f,24,37.0,18.0,26,2015-02-06 09:51:35.922503,6.0,-2,0.9230769230769231,around
6,38,outbound,19.0,f,20,37.0,18.0,26,2015-02-06 09:52:07.714186,10.5,-6,0.7692307692307693,around
6,38,return,19.0,f,20,37.0,18.0,26,2015-02-06 09:52:07.714186,10.5,-6,0.7692307692307693,around
6,39,outbound,19.0,f,24,37.0,18.0,26,2015-02-06 09:52:47.960903,10.5,-2,0.9230769230769231,around
6,39,return,19.0,f,24,37.0,18.0,26,2015-02-06 09:52:47.960903,10.5,-2,0.9230769230769231,around
6,40,outbound,19.0,f,12,37.0,18.0,26,2015-02-06 09:53:54.720478,4.5,-14,0.46153846153846156,over
6,40,return,19.0,f,12,37.0,18.0,26,2015-02-06 09:53:54.720478,4.5,-14,0.46153846153846156,over
6,41,outbound,19.0,f,12,37.0,18.0,26,2015-02-06 09:54:28.993270,4.5,-14,0.46153846153846156,over
6,41,return,19.0,f,12,37.0,18.0,26,2015-02-06 09:54:28.993270,4.5,-14,0.46153846153846156,over
6,42,outbound,19.0,f,12,37.0,18.0,26,2015-02-06 09:55:23.139280,6.0,-14,0.46153846153846156,over
6,42,return,19.0,f,12,37.0,18.0,26,2015-02-06 09:55:23.139280,6.0,-14,0.46153846153846156,over
6,43,outbound,19.0,f,20,37.0,18.0,26,2015-02-06 09:55:53.439699,4.5,-6,0.7692307692307693,around
6,43,return,19.0,f,20,37.0,18.0,26,2015-02-06 09:55:53.439699,4.5,-6,0.7692307692307693,around
6,44,outbound,19.0,f,12,37.0,18.0,26,2015-02-06 09:56:24.348611,9.0,-14,0.46153846153846156,over
6,44,return,19.0,f,12,37.0,18.0,26,2015-02-06 09:56:24.348611,9.0,-14,0.46153846153846156,over
6,45,outbound,19.0,f,16,37.0,18.0,26,2015-02-06 09:57:12.692355,9.0,-10,0.6153846153846154,over
6,45,return,19.0,f,16,37.0,18.0,26,2015-02-06 09:57:12.692355,9.0,-10,0.6153846153846154,over
6,46,outbound,19.0,f,12,37.0,18.0,26,2015-02-06 09:57:41.314078,12.0,-14,0.46153846153846156,over
6,46,return,19.0,f,12,37.0,18.0,26,2015-02-06 09:57:41.314078,12.0,-14,0.46153846153846156,over
6,47,outbound,19.0,f,24,37.0,18.0,26,2015-02-06 09:58:21.054573,9.0,-2,0.9230769230769231,around
6,47,return,19.0,f,24,37.0,18.0,26,2015-02-06 09:58:21.054573,9.0,-2,0.9230769230769231,around
6,48,outbound,19.0,f,12,37.0,18.0,26,2015-02-06 09:58:51.956838,10.5,-14,0.46153846153846156,over
6,48,return,19.0,f,12,37.0,18.0,26,2015-02-06 09:58:51.956838,10.5,-14,0.46153846153846156,over
6,49,outbound,19.0,f,20,37.0,18.0,26,2015-02-06 09:59:23.061260,10.5,-6,0.7692307692307693,around
6,49,return,19.0,f,20,37.0,18.0,26,2015-02-06 09:59:23.061260,10.5,-6,0.7692307692307693,around
6,50,outbound,19.0,f,16,37.0,18.0,26,2015-02-06 09:59:53.904378,7.5,-10,0.6153846153846154,over
6,50,return,19.0,f,16,37.0,18.0,26,2015-02-06 09:59:53.904378,7.5,-10,0.6153846153846154,over
6,51,outbound,19.0,f,16,37.0,18.0,26,2015-02-06 10:00:24.716225,9.0,-10,0.6153846153846154,over
6,51,return,19.0,f,16,37.0,18.0,26,2015-02-06 10:00:24.716225,9.0,-10,0.6153846153846154,over
6,52,outbound,19.0,f,16,37.0,18.0,26,2015-02-06 10:00:54.218820,4.5,-10,0.6153846153846154,around
6,52,return,19.0,f,16,37.0,18.0,26,2015-02-06 10:00:54.218820,4.5,-10,0.6153846153846154,around
6,53,outbound,19.0,f,24,37.0,18.0,26,2015-02-06 10:01:26.358539,9.0,-2,0.9230769230769231,around
6,53,return,19.0,f,24,37.0,18.0,26,2015-02-06 10:01:26.358539,9.0,-2,0.9230769230769231,around
6,54,outbound,19.0,f,16,37.0,18.0,26,2015-02-06 10:01:57.816149,7.5,-10,0.6153846153846154,over
6,54,return,19.0,f,16,37.0,18.0,26,2015-02-06 10:01:57.816149,7.5,-10,0.6153846153846154,over
7,1,return,19.0,m,30,44.25,23.75,32,2015-02-06 10:07:50.824914,10.5,-2,0.9375,around
7,2,return,19.0,m,26,44.25,23.75,32,2015-02-06 10:09:42.993706,12.0,-6,0.8125,around
7,3,return,19.0,m,30,44.25,23.75,32,2015-02-06 10:10:14.623278,6.0,-2,0.9375,around
7,4,return,19.0,m,18,44.25,23.75,32,2015-02-06 10:10:50.451686,9.0,-14,0.5625,over
7,5,return,19.0,m,18,44.25,23.75,32,2015-02-06 10:11:23.975633,9.0,-14,0.5625,over
7,6,return,19.0,m,26,44.25,23.75,32,2015-02-06 10:11:53.202728,6.0,-6,0.8125,around
7,7,return,19.0,m,26,44.25,23.75,32,2015-02-06 10:12:23.153028,10.5,-6,0.8125,around
7,8,return,19.0,m,30,44.25,23.75,32,2015-02-06 10:12:54.118577,7.5,-2,0.9375,around
7,9,return,19.0,m,34,44.25,23.75,32,2015-02-06 10:13:25.367331,6.0,2,1.0625,around
7,10,return,19.0,m,30,44.25,23.75,32,2015-02-06 10:13:58.630308,6.0,-2,0.9375,around
7,11,return,19.0,m,26,44.25,23.75,32,2015-02-06 10:14:27.143306,7.5,-6,0.8125,over
7,12,return,19.0,m,22,44.25,23.75,32,2015-02-06 10:14:57.222823,6.0,-10,0.6875,over
7,13,return,19.0,m,26,44.25,23.75,32,2015-02-06 10:15:32.093126,9.0,-6,0.8125,over
7,14,return,19.0,m,22,44.25,23.75,32,2015-02-06 10:16:03.687519,12.0,-10,0.6875,over
7,15,return,19.0,m,30,44.25,23.75,32,2015-02-06 10:16:42.410033,9.0,-2,0.9375,around
7,16,return,19.0,m,30,44.25,23.75,32,2015-02-06 10:17:16.075934,12.0,-2,0.9375,around
7,17,return,19.0,m,18,44.25,23.75,32,2015-02-06 10:17:49.675786,6.0,-14,0.5625,over
7,18,return,19.0,m,18,44.25,23.75,32,2015-02-06 10:18:24.387447,4.5,-14,0.5625,over
7,19,return,19.0,m,22,44.25,23.75,32,2015-02-06 10:18:54.861550,4.5,-10,0.6875,over
7,20,return,19.0,m,18,44.25,23.75,32,2015-02-06 10:19:23.253219,7.5,-14,0.5625,over
7,21,return,19.0,m,26,44.25,23.75,32,2015-02-06 10:19:57.340322,7.5,-6,0.8125,around
7,22,return,19.0,m,18,44.25,23.75,32,2015-02-06 10:20:26.783154,12.0,-14,0.5625,over
7,23,return,19.0,m,22,44.25,23.75,32,2015-02-06 10:20:59.772477,10.5,-10,0.6875,over
7,24,return,19.0,m,30,44.25,23.75,32,2015-02-06 10:21:30.622843,10.5,-2,0.9375,around
7,25,return,19.0,m,18,44.25,23.75,32,2015-02-06 10:22:01.570413,10.5,-14,0.5625,over
7,26,return,19.0,m,18,44.25,23.75,32,2015-02-06 10:22:29.368582,4.5,-14,0.5625,over
7,27,return,19.0,m,34,44.25,23.75,32,2015-02-06 10:23:02.504516,9.0,2,1.0625,around
7,28,return,19.0,m,22,44.25,23.75,32,2015-02-06 10:23:38.594806,4.5,-10,0.6875,over
7,29,return,19.0,m,30,44.25,23.75,32,2015-02-06 10:27:28.735644,12.0,-2,0.9375,around
7,30,return,19.0,m,22,44.25,23.75,32,2015-02-06 10:28:02.379632,9.0,-10,0.6875,over
7,31,return,19.0,m,26,44.25,23.75,32,2015-02-06 10:28:37.114924,9.0,-6,0.8125,around
7,32,return,19.0,m,18,44.25,23.75,32,2015-02-06 10:29:06.204911,12.0,-14,0.5625,over
7,33,return,19.0,m,30,44.25,23.75,32,2015-02-06 10:29:39.549815,7.5,-2,0.9375,around
7,34,return,19.0,m,26,44.25,23.75,32,2015-02-06 10:30:11.291369,6.0,-6,0.8125,around
7,35,return,19.0,m,30,44.25,23.75,32,2015-02-06 10:30:46.301226,9.0,-2,0.9375,around
7,36,return,19.0,m,30,44.25,23.75,32,2015-02-06 10:31:18.065990,4.5,-2,0.9375,around
7,37,return,19.0,m,22,44.25,23.75,32,2015-02-06 10:31:49.516177,10.5,-10,0.6875,over
7,38,return,19.0,m,26,44.25,23.75,32,2015-02-06 10:32:23.591972,10.5,-6,0.8125,over
7,39,return,19.0,m,18,44.25,23.75,32,2015-02-06 10:32:53.871384,6.0,-14,0.5625,over
7,40,return,19.0,m,34,44.25,23.75,32,2015-02-06 10:33:29.019085,9.0,2,1.0625,around
7,41,return,19.0,m,34,44.25,23.75,32,2015-02-06 10:34:04.346965,12.0,2,1.0625,around
7,42,return,19.0,m,18,44.25,23.75,32,2015-02-06 10:34:38.190154,10.5,-14,0.5625,over
7,43,return,19.0,m,18,44.25,23.75,32,2015-02-06 10:35:12.601819,7.5,-14,0.5625,over
7,44,return,19.0,m,34,44.25,23.75,32,2015-02-06 10:35:43.891908,6.0,2,1.0625,around
7,45,return,19.0,m,34,44.25,23.75,32,2015-02-06 10:36:18.412382,12.0,2,1.0625,around
7,46,return,19.0,m,22,44.25,23.75,32,2015-02-06 10:36:55.302596,6.0,-10,0.6875,over
7,47,return,19.0,m,26,44.25,23.75,32,2015-02-06 10:37:28.687475,12.0,-6,0.8125,over
7,48,return,19.0,m,22,44.25,23.75,32,2015-02-06 10:38:04.185603,7.5,-10,0.6875,over
7,49,return,19.0,m,22,44.25,23.75,32,2015-02-06 10:38:36.482560,12.0,-10,0.6875,over
7,50,return,19.0,m,22,44.25,23.75,32,2015-02-06 10:39:10.471070,9.0,-10,0.6875,over
7,51,return,19.0,m,26,44.25,23.75,32,2015-02-06 10:39:43.298349,4.5,-6,0.8125,over
7,52,return,19.0,m,22,44.25,23.75,32,2015-02-06 10:40:17.421865,7.5,-10,0.6875,over
7,53,return,19.0,m,30,44.25,23.75,32,2015-02-06 10:40:50.889271,4.5,-2,0.9375,around
7,54,return,19.0,m,26,44.25,23.75,32,2015-02-06 10:41:22.605125,4.5,-6,0.8125,over
8,1,outbound,19.0,m,24,44.75,23.0,34,2015-02-06 10:55:21.677348,6.0,-10,0.7058823529411765,over
8,1,return,19.0,m,24,44.75,23.0,34,2015-02-06 10:55:21.677348,6.0,-10,0.7058823529411765,over
8,2,outbound,19.0,m,32,44.75,23.0,34,2015-02-06 10:57:12.778484,9.0,-2,0.9411764705882353,around
8,2,return,19.0,m,32,44.75,23.0,34,2015-02-06 10:57:12.778484,9.0,-2,0.9411764705882353,around
8,3,outbound,19.0,m,36,44.75,23.0,34,2015-02-06 10:57:47.151666,12.0,2,1.0588235294117647,around
8,3,return,19.0,m,36,44.75,23.0,34,2015-02-06 10:57:47.151666,12.0,2,1.0588235294117647,around
8,4,outbound,19.0,m,32,44.75,23.0,34,2015-02-06 10:58:23.657130,6.0,-2,0.9411764705882353,around
8,4,return,19.0,m,32,44.75,23.0,34,2015-02-06 10:58:23.657130,6.0,-2,0.9411764705882353,around
8,5,outbound,19.0,m,20,44.75,23.0,34,2015-02-06 10:58:56.725903,7.5,-14,0.5882352941176471,over
8,5,return,19.0,m,20,44.75,23.0,34,2015-02-06 10:58:56.725903,7.5,-14,0.5882352941176471,over
8,6,outbound,19.0,m,32,44.75,23.0,34,2015-02-06 10:59:29.432966,7.5,-2,0.9411764705882353,around
8,6,return,19.0,m,32,44.75,23.0,34,2015-02-06 10:59:29.432966,7.5,-2,0.9411764705882353,around
8,7,outbound,19.0,m,36,44.75,23.0,34,2015-02-06 10:59:59.119321,9.0,2,1.0588235294117647,around
8,7,return,19.0,m,36,44.75,23.0,34,2015-02-06 10:59:59.119321,9.0,2,1.0588235294117647,around
8,8,outbound,19.0,m,24,44.75,23.0,34,2015-02-06 11:00:31.212689,10.5,-10,0.7058823529411765,over
8,8,return,19.0,m,24,44.75,23.0,34,2015-02-06 11:00:31.212689,10.5,-10,0.7058823529411765,over
8,9,outbound,19.0,m,28,44.75,23.0,34,2015-02-06 11:01:02.738248,12.0,-6,0.8235294117647058,over
8,9,return,19.0,m,28,44.75,23.0,34,2015-02-06 11:01:02.738248,12.0,-6,0.8235294117647058,over
8,10,outbound,19.0,m,28,44.75,23.0,34,2015-02-06 11:01:32.665498,12.0,-6,0.8235294117647058,over
8,10,return,19.0,m,28,44.75,23.0,34,2015-02-06 11:01:32.665498,12.0,-6,0.8235294117647058,over
8,11,outbound,19.0,m,20,44.75,23.0,34,2015-02-06 11:02:02.766413,4.5,-14,0.5882352941176471,around
8,11,return,19.0,m,20,44.75,23.0,34,2015-02-06 11:02:02.766413,4.5,-14,0.5882352941176471,around
8,12,outbound,19.0,m,32,44.75,23.0,34,2015-02-06 11:02:36.349386,4.5,-2,0.9411764705882353,around
8,12,return,19.0,m,32,44.75,23.0,34,2015-02-06 11:02:36.349386,4.5,-2,0.9411764705882353,around
8,13,outbound,19.0,m,20,44.75,23.0,34,2015-02-06 11:03:03.233549,10.5,-14,0.5882352941176471,over
8,13,return,19.0,m,20,44.75,23.0,34,2015-02-06 11:03:03.233549,10.5,-14,0.5882352941176471,over
8,14,outbound,19.0,m,36,44.75,23.0,34,2015-02-06 11:03:35.625924,12.0,2,1.0588235294117647,around
8,14,return,19.0,m,36,44.75,23.0,34,2015-02-06 11:03:35.625924,12.0,2,1.0588235294117647,around
8,15,outbound,19.0,m,24,44.75,23.0,34,2015-02-06 11:04:12.754036,9.0,-10,0.7058823529411765,over
8,15,return,19.0,m,24,44.75,23.0,34,2015-02-06 11:04:12.754036,9.0,-10,0.7058823529411765,over
8,16,outbound,19.0,m,24,44.75,23.0,34,2015-02-06 11:04:45.909504,7.5,-10,0.7058823529411765,over
8,16,return,19.0,m,24,44.75,23.0,34,2015-02-06 11:04:45.909504,7.5,-10,0.7058823529411765,over
8,17,outbound,19.0,m,32,44.75,23.0,34,2015-02-06 11:05:16.830857,9.0,-2,0.9411764705882353,around
8,17,return,19.0,m,32,44.75,23.0,34,2015-02-06 11:05:16.830857,9.0,-2,0.9411764705882353,around
8,18,outbound,19.0,m,20,44.75,23.0,34,2015-02-06 11:05:46.673854,10.5,-14,0.5882352941176471,over
8,18,return,19.0,m,20,44.75,23.0,34,2015-02-06 11:05:46.673854,10.5,-14,0.5882352941176471,over
8,19,outbound,19.0,m,24,44.75,23.0,34,2015-02-06 11:06:17.864176,9.0,-10,0.7058823529411765,over
8,19,return,19.0,m,24,44.75,23.0,34,2015-02-06 11:06:17.864176,9.0,-10,0.7058823529411765,over
8,20,outbound,19.0,m,24,44.75,23.0,34,2015-02-06 11:06:49.522028,4.5,-10,0.7058823529411765,around
8,20,return,19.0,m,24,44.75,23.0,34,2015-02-06 11:06:49.522028,4.5,-10,0.7058823529411765,around
8,21,outbound,19.0,m,24,44.75,23.0,34,2015-02-06 11:07:20.178190,6.0,-10,0.7058823529411765,over
8,21,return,19.0,m,24,44.75,23.0,34,2015-02-06 11:07:20.178190,6.0,-10,0.7058823529411765,over
8,22,outbound,19.0,m,28,44.75,23.0,34,2015-02-06 11:07:48.490530,6.0,-6,0.8235294117647058,around
8,22,return,19.0,m,28,44.75,23.0,34,2015-02-06 11:07:48.490530,6.0,-6,0.8235294117647058,around
8,23,outbound,19.0,m,20,44.75,23.0,34,2015-02-06 11:08:15.818862,6.0,-14,0.5882352941176471,over
8,23,return,19.0,m,20,44.75,23.0,34,2015-02-06 11:08:15.818862,6.0,-14,0.5882352941176471,over
8,24,outbound,19.0,m,20,44.75,23.0,34,2015-02-06 11:08:45.942167,6.0,-14,0.5882352941176471,over
8,24,return,19.0,m,20,44.75,23.0,34,2015-02-06 11:08:45.942167,6.0,-14,0.5882352941176471,over
8,25,outbound,19.0,m,32,44.75,23.0,34,2015-02-06 11:09:14.733975,10.5,-2,0.9411764705882353,around
8,25,return,19.0,m,32,44.75,23.0,34,2015-02-06 11:09:14.733975,10.5,-2,0.9411764705882353,around
8,26,outbound,19.0,m,32,44.75,23.0,34,2015-02-06 11:09:50.476123,7.5,-2,0.9411764705882353,around
8,26,return,19.0,m,32,44.75,23.0,34,2015-02-06 11:09:50.476123,7.5,-2,0.9411764705882353,around
8,27,outbound,19.0,m,32,44.75,23.0,34,2015-02-06 11:10:20.682758,10.5,-2,0.9411764705882353,around
8,27,return,19.0,m,32,44.75,23.0,34,2015-02-06 11:10:20.682758,10.5,-2,0.9411764705882353,around
8,28,outbound,19.0,m,28,44.75,23.0,34,2015-02-06 11:10:51.825326,9.0,-6,0.8235294117647058,around
8,28,return,19.0,m,28,44.75,23.0,34,2015-02-06 11:10:51.825326,9.0,-6,0.8235294117647058,around
8,29,outbound,19.0,m,20,44.75,23.0,34,2015-02-06 11:11:28.582316,4.5,-14,0.5882352941176471,over
8,29,return,19.0,m,20,44.75,23.0,34,2015-02-06 11:11:28.582316,4.5,-14,0.5882352941176471,over
8,30,outbound,19.0,m,28,44.75,23.0,34,2015-02-06 11:11:59.146775,7.5,-6,0.8235294117647058,around
8,30,return,19.0,m,28,44.75,23.0,34,2015-02-06 11:11:59.146775,7.5,-6,0.8235294117647058,around
8,31,outbound,19.0,m,24,44.75,23.0,34,2015-02-06 11:12:29.982952,4.5,-10,0.7058823529411765,around
8,31,return,19.0,m,24,44.75,23.0,34,2015-02-06 11:12:29.982952,4.5,-10,0.7058823529411765,around
8,32,outbound,19.0,m,36,44.75,23.0,34,2015-02-06 11:12:59.148824,9.0,2,1.0588235294117647,around
8,32,return,19.0,m,36,44.75,23.0,34,2015-02-06 11:12:59.148824,9.0,2,1.0588235294117647,around
8,33,outbound,19.0,m,36,44.75,23.0,34,2015-02-06 11:13:30.654160,6.0,2,1.0588235294117647,around
8,33,return,19.0,m,36,44.75,23.0,34,2015-02-06 11:13:30.654160,6.0,2,1.0588235294117647,around
8,34,outbound,19.0,m,20,44.75,23.0,34,2015-02-06 11:14:01.236989,12.0,-14,0.5882352941176471,over
8,34,return,19.0,m,20,44.75,23.0,34,2015-02-06 11:14:01.236989,12.0,-14,0.5882352941176471,over
8,35,outbound,19.0,m,32,44.75,23.0,34,2015-02-06 11:14:32.507290,6.0,-2,0.9411764705882353,around
8,35,return,19.0,m,32,44.75,23.0,34,2015-02-06 11:14:32.507290,6.0,-2,0.9411764705882353,around
8,36,outbound,19.0,m,28,44.75,23.0,34,2015-02-06 11:15:02.827521,9.0,-6,0.8235294117647058,around
8,36,return,19.0,m,28,44.75,23.0,34,2015-02-06 11:15:02.827521,9.0,-6,0.8235294117647058,around
8,37,outbound,19.0,m,20,44.75,23.0,34,2015-02-06 11:15:34.551092,7.5,-14,0.5882352941176471,over
8,37,return,19.0,m,20,44.75,23.0,34,2015-02-06 11:15:34.551092,7.5,-14,0.5882352941176471,over
8,38,outbound,19.0,m,32,44.75,23.0,34,2015-02-06 11:16:04.678215,12.0,-2,0.9411764705882353,around
8,38,return,19.0,m,32,44.75,23.0,34,2015-02-06 11:16:04.678215,12.0,-2,0.9411764705882353,around
8,39,outbound,19.0,m,20,44.75,23.0,34,2015-02-06 11:16:39.353810,12.0,-14,0.5882352941176471,over
8,39,return,19.0,m,20,44.75,23.0,34,2015-02-06 11:16:39.353810,12.0,-14,0.5882352941176471,over
8,40,outbound,19.0,m,24,44.75,23.0,34,2015-02-06 11:17:08.978607,12.0,-10,0.7058823529411765,over
8,40,return,19.0,m,24,44.75,23.0,34,2015-02-06 11:17:08.978607,12.0,-10,0.7058823529411765,over
8,41,outbound,19.0,m,28,44.75,23.0,34,2015-02-06 11:17:38.059113,4.5,-6,0.8235294117647058,around
8,41,return,19.0,m,28,44.75,23.0,34,2015-02-06 11:17:38.059113,4.5,-6,0.8235294117647058,around
8,42,outbound,19.0,m,28,44.75,23.0,34,2015-02-06 11:18:12.160227,10.5,-6,0.8235294117647058,around
8,42,return,19.0,m,28,44.75,23.0,34,2015-02-06 11:18:12.160227,10.5,-6,0.8235294117647058,around
8,43,outbound,19.0,m,24,44.75,23.0,34,2015-02-06 11:18:49.071943,12.0,-10,0.7058823529411765,over
8,43,return,19.0,m,24,44.75,23.0,34,2015-02-06 11:18:49.071943,12.0,-10,0.7058823529411765,over
8,44,outbound,19.0,m,20,44.75,23.0,34,2015-02-06 11:19:18.843062,9.0,-14,0.5882352941176471,over
8,44,return,19.0,m,20,44.75,23.0,34,2015-02-06 11:19:18.843062,9.0,-14,0.5882352941176471,over
8,45,outbound,19.0,m,28,44.75,23.0,34,2015-02-06 11:19:49.607939,4.5,-6,0.8235294117647058,around
8,45,return,19.0,m,28,44.75,23.0,34,2015-02-06 11:19:49.607939,4.5,-6,0.8235294117647058,around
8,46,outbound,19.0,m,20,44.75,23.0,34,2015-02-06 11:20:21.524396,9.0,-14,0.5882352941176471,over
8,46,return,19.0,m,20,44.75,23.0,34,2015-02-06 11:20:21.524396,9.0,-14,0.5882352941176471,over
8,47,outbound,19.0,m,24,44.75,23.0,34,2015-02-06 11:20:50.452361,10.5,-10,0.7058823529411765,over
8,47,return,19.0,m,24,44.75,23.0,34,2015-02-06 11:20:50.452361,10.5,-10,0.7058823529411765,over
8,48,outbound,19.0,m,28,44.75,23.0,34,2015-02-06 11:21:19.043224,6.0,-6,0.8235294117647058,around
8,48,return,19.0,m,28,44.75,23.0,34,2015-02-06 11:21:19.043224,6.0,-6,0.8235294117647058,around
8,49,outbound,19.0,m,28,44.75,23.0,34,2015-02-06 11:21:51.558272,7.5,-6,0.8235294117647058,around
8,49,return,19.0,m,28,44.75,23.0,34,2015-02-06 11:21:51.558272,7.5,-6,0.8235294117647058,around
8,50,outbound,19.0,m,28,44.75,23.0,34,2015-02-06 11:22:21.971259,10.5,-6,0.8235294117647058,around
8,50,return,19.0,m,28,44.75,23.0,34,2015-02-06 11:22:21.971259,10.5,-6,0.8235294117647058,around
8,51,outbound,19.0,m,32,44.75,23.0,34,2015-02-06 11:22:54.599897,12.0,-2,0.9411764705882353,around
8,51,return,19.0,m,32,44.75,23.0,34,2015-02-06 11:22:54.599897,12.0,-2,0.9411764705882353,around
8,52,outbound,19.0,m,36,44.75,23.0,34,2015-02-06 11:23:27.059697,6.0,2,1.0588235294117647,around
8,52,return,19.0,m,36,44.75,23.0,34,2015-02-06 11:23:27.059697,6.0,2,1.0588235294117647,around
8,53,outbound,19.0,m,32,44.75,23.0,34,2015-02-06 11:23:59.126980,4.5,-2,0.9411764705882353,around
8,53,return,19.0,m,32,44.75,23.0,34,2015-02-06 11:23:59.126980,4.5,-2,0.9411764705882353,around
8,54,outbound,19.0,m,24,44.75,23.0,34,2015-02-06 11:24:28.262851,7.5,-10,0.7058823529411765,over
8,54,return,19.0,m,24,44.75,23.0,34,2015-02-06 11:24:28.262851,7.5,-10,0.7058823529411765,over
9,1,outbound,18.0,f,24,35.25,18.25,26,2015-02-06 13:02:39.844235,10.5,-2,0.9230769230769231,over
9,1,return,18.0,f,24,35.25,18.25,26,2015-02-06 13:02:39.844235,10.5,-2,0.9230769230769231,over
9,2,outbound,18.0,f,12,35.25,18.25,26,2015-02-06 13:04:19.622708,4.5,-14,0.46153846153846156,over
9,2,return,18.0,f,12,35.25,18.25,26,2015-02-06 13:04:19.622708,4.5,-14,0.46153846153846156,over
9,3,outbound,18.0,f,12,35.25,18.25,26,2015-02-06 13:04:54.513973,6.0,-14,0.46153846153846156,over
9,3,return,18.0,f,12,35.25,18.25,26,2015-02-06 13:04:54.513973,6.0,-14,0.46153846153846156,over
9,4,outbound,18.0,f,20,35.25,18.25,26,2015-02-06 13:05:22.820550,10.5,-6,0.7692307692307693,over
9,4,return,18.0,f,20,35.25,18.25,26,2015-02-06 13:05:22.820550,10.5,-6,0.7692307692307693,over
9,5,outbound,18.0,f,24,35.25,18.25,26,2015-02-06 13:06:02.339399,9.0,-2,0.9230769230769231,around
9,5,return,18.0,f,24,35.25,18.25,26,2015-02-06 13:06:02.339399,9.0,-2,0.9230769230769231,around
9,6,outbound,18.0,f,12,35.25,18.25,26,2015-02-06 13:06:36.729364,10.5,-14,0.46153846153846156,over
9,6,return,18.0,f,12,35.25,18.25,26,2015-02-06 13:06:36.729364,10.5,-14,0.46153846153846156,over
9,7,outbound,18.0,f,12,35.25,18.25,26,2015-02-06 13:07:10.624522,12.0,-14,0.46153846153846156,over
9,7,return,18.0,f,12,35.25,18.25,26,2015-02-06 13:07:10.624522,12.0,-14,0.46153846153846156,over
9,8,outbound,18.0,f,16,35.25,18.25,26,2015-02-06 13:07:45.095636,6.0,-10,0.6153846153846154,over
9,8,return,18.0,f,16,35.25,18.25,26,2015-02-06 13:07:45.095636,6.0,-10,0.6153846153846154,over
9,9,outbound,18.0,f,12,35.25,18.25,26,2015-02-06 13:08:19.369300,4.5,-14,0.46153846153846156,over
9,9,return,18.0,f,12,35.25,18.25,26,2015-02-06 13:08:19.369300,4.5,-14,0.46153846153846156,over
9,10,outbound,18.0,f,16,35.25,18.25,26,2015-02-06 13:08:46.650713,10.5,-10,0.6153846153846154,over
9,10,return,18.0,f,16,35.25,18.25,26,2015-02-06 13:08:46.650713,10.5,-10,0.6153846153846154,over
9,11,outbound,18.0,f,12,35.25,18.25,26,2015-02-06 13:09:18.141514,7.5,-14,0.46153846153846156,over
9,11,return,18.0,f,12,35.25,18.25,26,2015-02-06 13:09:18.141514,7.5,-14,0.46153846153846156,over
9,12,outbound,18.0,f,16,35.25,18.25,26,2015-02-06 13:09:47.874090,10.5,-10,0.6153846153846154,over
9,12,return,18.0,f,16,35.25,18.25,26,2015-02-06 13:09:47.874090,10.5,-10,0.6153846153846154,over
9,13,outbound,18.0,f,28,35.25,18.25,26,2015-02-06 13:10:18.638504,12.0,2,1.0769230769230769,around
9,13,return,18.0,f,28,35.25,18.25,26,2015-02-06 13:10:18.638504,12.0,2,1.0769230769230769,around
9,14,outbound,18.0,f,20,35.25,18.25,26,2015-02-06 13:10:51.778953,12.0,-6,0.7692307692307693,over
9,14,return,18.0,f,20,35.25,18.25,26,2015-02-06 13:10:51.778953,12.0,-6,0.7692307692307693,over
9,15,outbound,18.0,f,20,35.25,18.25,26,2015-02-06 13:11:32.908102,4.5,-6,0.7692307692307693,over
9,15,return,18.0,f,20,35.25,18.25,26,2015-02-06 13:11:32.908102,4.5,-6,0.7692307692307693,over
9,16,outbound,18.0,f,24,35.25,18.25,26,2015-02-06 13:12:05.362578,6.0,-2,0.9230769230769231,around
9,16,return,18.0,f,24,35.25,18.25,26,2015-02-06 13:12:05.362578,6.0,-2,0.9230769230769231,around
9,17,outbound,18.0,f,24,35.25,18.25,26,2015-02-06 13:12:35.831281,7.5,-2,0.9230769230769231,around
9,17,return,18.0,f,24,35.25,18.25,26,2015-02-06 13:12:35.831281,7.5,-2,0.9230769230769231,around
9,18,outbound,18.0,f,20,35.25,18.25,26,2015-02-06 13:13:06.926404,9.0,-6,0.7692307692307693,over
9,18,return,18.0,f,20,35.25,18.25,26,2015-02-06 13:13:06.926404,9.0,-6,0.7692307692307693,over
9,19,outbound,18.0,f,24,35.25,18.25,26,2015-02-06 13:13:37.465221,10.5,-2,0.9230769230769231,over
9,19,return,18.0,f,24,35.25,18.25,26,2015-02-06 13:13:37.465221,10.5,-2,0.9230769230769231,over
9,20,outbound,18.0,f,24,35.25,18.25,26,2015-02-06 13:14:10.726955,9.0,-2,0.9230769230769231,over
9,20,return,18.0,f,24,35.25,18.25,26,2015-02-06 13:14:10.726955,9.0,-2,0.9230769230769231,over
9,21,outbound,18.0,f,24,35.25,18.25,26,2015-02-06 13:14:42.830169,6.0,-2,0.9230769230769231,over
9,21,return,18.0,f,24,35.25,18.25,26,2015-02-06 13:14:42.830169,6.0,-2,0.9230769230769231,over
9,22,outbound,18.0,f,16,35.25,18.25,26,2015-02-06 13:15:19.871028,12.0,-10,0.6153846153846154,over
9,22,return,18.0,f,16,35.25,18.25,26,2015-02-06 13:15:19.871028,12.0,-10,0.6153846153846154,over
9,23,outbound,18.0,f,16,35.25,18.25,26,2015-02-06 13:15:51.273770,9.0,-10,0.6153846153846154,over
9,23,return,18.0,f,16,35.25,18.25,26,2015-02-06 13:15:51.273770,9.0,-10,0.6153846153846154,over
9,24,outbound,18.0,f,20,35.25,18.25,26,2015-02-06 13:16:24.255817,7.5,-6,0.7692307692307693,over
9,24,return,18.0,f,20,35.25,18.25,26,2015-02-06 13:16:24.255817,7.5,-6,0.7692307692307693,over
9,25,outbound,18.0,f,28,35.25,18.25,26,2015-02-06 13:16:57.840042,6.0,2,1.0769230769230769,around
9,25,return,18.0,f,28,35.25,18.25,26,2015-02-06 13:16:57.840042,6.0,2,1.0769230769230769,around
9,26,outbound,18.0,f,12,35.25,18.25,26,2015-02-06 13:17:30.022588,9.0,-14,0.46153846153846156,over
9,26,return,18.0,f,12,35.25,18.25,26,2015-02-06 13:17:30.022588,9.0,-14,0.46153846153846156,over
9,27,outbound,18.0,f,28,35.25,18.25,26,2015-02-06 13:18:01.604571,12.0,2,1.0769230769230769,around
9,27,return,18.0,f,28,35.25,18.25,26,2015-02-06 13:18:01.604571,12.0,2,1.0769230769230769,around
9,28,outbound,18.0,f,28,35.25,18.25,26,2015-02-06 13:18:38.729619,9.0,2,1.0769230769230769,around
9,28,return,18.0,f,28,35.25,18.25,26,2015-02-06 13:18:38.729619,9.0,2,1.0769230769230769,around
9,29,outbound,18.0,f,16,35.25,18.25,26,2015-02-06 13:19:12.479208,7.5,-10,0.6153846153846154,over
9,29,return,18.0,f,16,35.25,18.25,26,2015-02-06 13:19:12.479208,7.5,-10,0.6153846153846154,over
9,30,outbound,18.0,f,24,35.25,18.25,26,2015-02-06 13:19:48.269367,7.5,-2,0.9230769230769231,over
9,30,return,18.0,f,24,35.25,18.25,26,2015-02-06 13:19:48.269367,7.5,-2,0.9230769230769231,over
9,31,outbound,18.0,f,20,35.25,18.25,26,2015-02-06 13:20:23.662310,4.5,-6,0.7692307692307693,over
9,31,return,18.0,f,20,35.25,18.25,26,2015-02-06 13:20:23.662310,4.5,-6,0.7692307692307693,over
9,32,outbound,18.0,f,12,35.25,18.25,26,2015-02-06 13:20:58.191863,6.0,-14,0.46153846153846156,over
9,32,return,18.0,f,12,35.25,18.25,26,2015-02-06 13:20:58.191863,6.0,-14,0.46153846153846156,over
9,33,outbound,18.0,f,28,35.25,18.25,26,2015-02-06 13:21:32.562496,9.0,2,1.0769230769230769,around
9,33,return,18.0,f,28,35.25,18.25,26,2015-02-06 13:21:32.562496,9.0,2,1.0769230769230769,around
9,34,outbound,18.0,f,16,35.25,18.25,26,2015-02-06 13:22:03.440317,6.0,-10,0.6153846153846154,over
9,34,return,18.0,f,16,35.25,18.25,26,2015-02-06 13:22:03.440317,6.0,-10,0.6153846153846154,over
9,35,outbound,18.0,f,20,35.25,18.25,26,2015-02-06 13:22:36.467817,6.0,-6,0.7692307692307693,over
9,35,return,18.0,f,20,35.25,18.25,26,2015-02-06 13:22:36.467817,6.0,-6,0.7692307692307693,over
9,36,outbound,18.0,f,20,35.25,18.25,26,2015-02-06 13:23:04.835271,7.5,-6,0.7692307692307693,over
9,36,return,18.0,f,20,35.25,18.25,26,2015-02-06 13:23:04.835271,7.5,-6,0.7692307692307693,over
9,37,outbound,18.0,f,20,35.25,18.25,26,2015-02-06 13:23:35.058282,9.0,-6,0.7692307692307693,over
9,37,return,18.0,f,20,35.25,18.25,26,2015-02-06 13:23:35.058282,9.0,-6,0.7692307692307693,over
9,38,outbound,18.0,f,16,35.25,18.25,26,2015-02-06 13:24:05.482140,4.5,-10,0.6153846153846154,over
9,38,return,18.0,f,16,35.25,18.25,26,2015-02-06 13:24:05.482140,4.5,-10,0.6153846153846154,over
9,39,outbound,18.0,f,28,35.25,18.25,26,2015-02-06 13:24:38.673308,6.0,2,1.0769230769230769,around
9,39,return,18.0,f,28,35.25,18.25,26,2015-02-06 13:24:38.673308,6.0,2,1.0769230769230769,around
9,40,outbound,18.0,f,12,35.25,18.25,26,2015-02-06 13:25:09.987217,7.5,-14,0.46153846153846156,over
9,40,return,18.0,f,12,35.25,18.25,26,2015-02-06 13:25:09.987217,7.5,-14,0.46153846153846156,over
9,41,outbound,18.0,f,24,35.25,18.25,26,2015-02-06 13:25:39.437095,4.5,-2,0.9230769230769231,around
9,41,return,18.0,f,24,35.25,18.25,26,2015-02-06 13:25:39.437095,4.5,-2,0.9230769230769231,around
9,42,outbound,18.0,f,12,35.25,18.25,26,2015-02-06 13:26:09.951709,12.0,-14,0.46153846153846156,over
9,42,return,18.0,f,12,35.25,18.25,26,2015-02-06 13:26:09.951709,12.0,-14,0.46153846153846156,over
9,43,outbound,18.0,f,16,35.25,18.25,26,2015-02-06 13:26:45.159858,4.5,-10,0.6153846153846154,over
9,43,return,18.0,f,16,35.25,18.25,26,2015-02-06 13:26:45.159858,4.5,-10,0.6153846153846154,over
9,44,outbound,18.0,f,20,35.25,18.25,26,2015-02-06 13:27:17.557313,10.5,-6,0.7692307692307693,over
9,44,return,18.0,f,20,35.25,18.25,26,2015-02-06 13:27:17.557313,10.5,-6,0.7692307692307693,over
9,45,outbound,18.0,f,16,35.25,18.25,26,2015-02-06 13:27:52.665557,9.0,-10,0.6153846153846154,over
9,45,return,18.0,f,16,35.25,18.25,26,2015-02-06 13:27:52.665557,9.0,-10,0.6153846153846154,over
9,46,outbound,18.0,f,12,35.25,18.25,26,2015-02-06 13:28:26.279539,10.5,-14,0.46153846153846156,over
9,46,return,18.0,f,12,35.25,18.25,26,2015-02-06 13:28:26.279539,10.5,-14,0.46153846153846156,over
9,47,outbound,18.0,f,24,35.25,18.25,26,2015-02-06 13:28:59.429896,12.0,-2,0.9230769230769231,around
9,47,return,18.0,f,24,35.25,18.25,26,2015-02-06 13:28:59.429896,12.0,-2,0.9230769230769231,around
9,48,outbound,18.0,f,16,35.25,18.25,26,2015-02-06 13:29:32.721336,12.0,-10,0.6153846153846154,over
9,48,return,18.0,f,16,35.25,18.25,26,2015-02-06 13:29:32.721336,12.0,-10,0.6153846153846154,over
9,49,outbound,18.0,f,24,35.25,18.25,26,2015-02-06 13:30:03.155288,12.0,-2,0.9230769230769231,over
9,49,return,18.0,f,24,35.25,18.25,26,2015-02-06 13:30:03.155288,12.0,-2,0.9230769230769231,over
9,50,outbound,18.0,f,20,35.25,18.25,26,2015-02-06 13:30:32.353337,12.0,-6,0.7692307692307693,over
9,50,return,18.0,f,20,35.25,18.25,26,2015-02-06 13:30:32.353337,12.0,-6,0.7692307692307693,over
9,51,outbound,18.0,f,24,35.25,18.25,26,2015-02-06 13:31:00.888991,4.5,-2,0.9230769230769231,around
9,51,return,18.0,f,24,35.25,18.25,26,2015-02-06 13:31:00.888991,4.5,-2,0.9230769230769231,around
9,52,outbound,18.0,f,12,35.25,18.25,26,2015-02-06 13:31:33.331697,9.0,-14,0.46153846153846156,over
9,52,return,18.0,f,12,35.25,18.25,26,2015-02-06 13:31:33.331697,9.0,-14,0.46153846153846156,over
9,53,outbound,18.0,f,16,35.25,18.25,26,2015-02-06 13:32:04.082922,7.5,-10,0.6153846153846154,over
9,53,return,18.0,f,16,35.25,18.25,26,2015-02-06 13:32:04.082922,7.5,-10,0.6153846153846154,over
9,54,outbound,18.0,f,20,35.25,18.25,26,2015-02-06 13:32:33.674244,6.0,-6,0.7692307692307693,over
9,54,return,18.0,f,20,35.25,18.25,26,2015-02-06 13:32:33.674244,6.0,-6,0.7692307692307693,over
10,1,outbound,18.0,m,30,39.0,22.5,32,2015-02-06 13:55:46.109818,6.0,-2,0.9375,around
10,1,return,18.0,m,30,39.0,22.5,32,2015-02-06 13:55:46.109818,6.0,-2,0.9375,around
10,2,outbound,18.0,m,22,39.0,22.5,32,2015-02-06 13:57:14.089256,7.5,-10,0.6875,over
10,2,return,18.0,m,22,39.0,22.5,32,2015-02-06 13:57:14.089256,7.5,-10,0.6875,around
10,3,outbound,18.0,m,22,39.0,22.5,32,2015-02-06 13:57:47.666952,10.5,-10,0.6875,over
10,3,return,18.0,m,22,39.0,22.5,32,2015-02-06 13:57:47.666952,10.5,-10,0.6875,around
10,4,outbound,18.0,m,30,39.0,22.5,32,2015-02-06 13:58:19.636319,10.5,-2,0.9375,around
10,4,return,18.0,m,30,39.0,22.5,32,2015-02-06 13:58:19.636319,10.5,-2,0.9375,around
10,5,outbound,18.0,m,30,39.0,22.5,32,2015-02-06 13:58:52.719095,12.0,-2,0.9375,around
10,5,return,18.0,m,30,39.0,22.5,32,2015-02-06 13:58:52.719095,12.0,-2,0.9375,around
10,6,outbound,18.0,m,26,39.0,22.5,32,2015-02-06 13:59:28.668069,12.0,-6,0.8125,over
10,6,return,18.0,m,26,39.0,22.5,32,2015-02-06 13:59:28.668069,12.0,-6,0.8125,around
10,7,outbound,18.0,m,30,39.0,22.5,32,2015-02-06 14:00:02.821556,4.5,-2,0.9375,around
10,7,return,18.0,m,30,39.0,22.5,32,2015-02-06 14:00:02.821556,4.5,-2,0.9375,around
10,8,outbound,18.0,m,34,39.0,22.5,32,2015-02-06 14:00:37.571201,6.0,2,1.0625,around
10,8,return,18.0,m,34,39.0,22.5,32,2015-02-06 14:00:37.571201,6.0,2,1.0625,around
10,9,outbound,18.0,m,34,39.0,22.5,32,2015-02-06 14:01:23.428904,12.0,2,1.0625,around
10,9,return,18.0,m,34,39.0,22.5,32,2015-02-06 14:01:23.428904,12.0,2,1.0625,around
10,10,outbound,18.0,m,30,39.0,22.5,32,2015-02-06 14:02:02.440321,9.0,-2,0.9375,around
10,10,return,18.0,m,30,39.0,22.5,32,2015-02-06 14:02:02.440321,9.0,-2,0.9375,around
10,11,outbound,18.0,m,22,39.0,22.5,32,2015-02-06 14:02:37.723848,7.5,-10,0.6875,over
10,11,return,18.0,m,22,39.0,22.5,32,2015-02-06 14:02:37.723848,7.5,-10,0.6875,around
10,12,outbound,18.0,m,34,39.0,22.5,32,2015-02-06 14:03:12.555802,9.0,2,1.0625,around
10,12,return,18.0,m,34,39.0,22.5,32,2015-02-06 14:03:12.555802,9.0,2,1.0625,around
10,13,outbound,18.0,m,26,39.0,22.5,32,2015-02-06 14:03:45.775601,6.0,-6,0.8125,around
10,13,return,18.0,m,26,39.0,22.5,32,2015-02-06 14:03:45.775601,6.0,-6,0.8125,around
10,14,outbound,18.0,m,34,39.0,22.5,32,2015-02-06 14:04:19.445192,9.0,2,1.0625,around
10,14,return,18.0,m,34,39.0,22.5,32,2015-02-06 14:04:19.445192,9.0,2,1.0625,around
10,15,outbound,18.0,m,26,39.0,22.5,32,2015-02-06 14:04:54.154291,9.0,-6,0.8125,over
10,15,return,18.0,m,26,39.0,22.5,32,2015-02-06 14:04:54.154291,9.0,-6,0.8125,around
10,16,outbound,18.0,m,26,39.0,22.5,32,2015-02-06 14:05:23.181556,12.0,-6,0.8125,over
10,16,return,18.0,m,26,39.0,22.5,32,2015-02-06 14:05:23.181556,12.0,-6,0.8125,around
10,17,outbound,18.0,m,30,39.0,22.5,32,2015-02-06 14:06:10.670022,12.0,-2,0.9375,around
10,17,return,18.0,m,30,39.0,22.5,32,2015-02-06 14:06:10.670022,12.0,-2,0.9375,around
10,18,outbound,18.0,m,18,39.0,22.5,32,2015-02-06 14:06:49.852763,12.0,-14,0.5625,over
10,18,return,18.0,m,18,39.0,22.5,32,2015-02-06 14:06:49.852763,12.0,-14,0.5625,around
10,19,outbound,18.0,m,18,39.0,22.5,32,2015-02-06 14:07:25.843405,9.0,-14,0.5625,over
10,19,return,18.0,m,18,39.0,22.5,32,2015-02-06 14:07:25.843405,9.0,-14,0.5625,around
10,20,outbound,18.0,m,18,39.0,22.5,32,2015-02-06 14:08:02.943609,6.0,-14,0.5625,over
10,20,return,18.0,m,18,39.0,22.5,32,2015-02-06 14:08:02.943609,6.0,-14,0.5625,around
10,21,outbound,18.0,m,34,39.0,22.5,32,2015-02-06 14:08:41.404640,6.0,2,1.0625,around
10,21,return,18.0,m,34,39.0,22.5,32,2015-02-06 14:08:41.404640,6.0,2,1.0625,around
10,22,outbound,18.0,m,26,39.0,22.5,32,2015-02-06 14:09:08.453806,4.5,-6,0.8125,around
10,22,return,18.0,m,26,39.0,22.5,32,2015-02-06 14:09:08.453806,4.5,-6,0.8125,around
10,23,outbound,18.0,m,18,39.0,22.5,32,2015-02-06 14:09:39.444380,7.5,-14,0.5625,over
10,23,return,18.0,m,18,39.0,22.5,32,2015-02-06 14:09:39.444380,7.5,-14,0.5625,around
10,24,outbound,18.0,m,26,39.0,22.5,32,2015-02-06 14:10:16.114783,7.5,-6,0.8125,around
10,24,return,18.0,m,26,39.0,22.5,32,2015-02-06 14:10:16.114783,7.5,-6,0.8125,around
10,25,outbound,18.0,m,22,39.0,22.5,32,2015-02-06 14:10:47.281984,9.0,-10,0.6875,over
10,25,return,18.0,m,22,39.0,22.5,32,2015-02-06 14:10:47.281984,9.0,-10,0.6875,around
10,26,outbound,18.0,m,22,39.0,22.5,32,2015-02-06 14:11:20.479243,12.0,-10,0.6875,over
10,26,return,18.0,m,22,39.0,22.5,32,2015-02-06 14:11:20.479243,12.0,-10,0.6875,around
10,27,outbound,18.0,m,18,39.0,22.5,32,2015-02-06 14:11:54.804179,10.5,-14,0.5625,over
10,27,return,18.0,m,18,39.0,22.5,32,2015-02-06 14:11:54.804179,10.5,-14,0.5625,around
10,28,outbound,18.0,m,30,39.0,22.5,32,2015-02-06 14:12:29.325447,9.0,-2,0.9375,around
10,28,return,18.0,m,30,39.0,22.5,32,2015-02-06 14:12:29.325447,9.0,-2,0.9375,around
10,29,outbound,18.0,m,26,39.0,22.5,32,2015-02-06 14:17:14.502553,10.5,-6,0.8125,around
10,29,return,18.0,m,26,39.0,22.5,32,2015-02-06 14:17:14.502553,10.5,-6,0.8125,around
10,30,outbound,18.0,m,18,39.0,22.5,32,2015-02-06 14:18:06.804140,10.5,-14,0.5625,over
10,30,return,18.0,m,18,39.0,22.5,32,2015-02-06 14:18:06.804140,10.5,-14,0.5625,around
10,31,outbound,18.0,m,22,39.0,22.5,32,2015-02-06 14:18:39.649618,9.0,-10,0.6875,over
10,31,return,18.0,m,22,39.0,22.5,32,2015-02-06 14:18:39.649618,9.0,-10,0.6875,around
10,32,outbound,18.0,m,30,39.0,22.5,32,2015-02-06 14:19:18.227359,7.5,-2,0.9375,around
10,32,return,18.0,m,30,39.0,22.5,32,2015-02-06 14:19:18.227359,7.5,-2,0.9375,around
10,33,outbound,18.0,m,22,39.0,22.5,32,2015-02-06 14:19:57.442326,12.0,-10,0.6875,over
10,33,return,18.0,m,22,39.0,22.5,32,2015-02-06 14:19:57.442326,12.0,-10,0.6875,around
10,34,outbound,18.0,m,22,39.0,22.5,32,2015-02-06 14:20:38.296302,4.5,-10,0.6875,around
10,34,return,18.0,m,22,39.0,22.5,32,2015-02-06 14:20:38.296302,4.5,-10,0.6875,around
10,35,outbound,18.0,m,18,39.0,22.5,32,2015-02-06 14:21:16.645329,7.5,-14,0.5625,over
10,35,return,18.0,m,18,39.0,22.5,32,2015-02-06 14:21:16.645329,7.5,-14,0.5625,around
10,36,outbound,18.0,m,26,39.0,22.5,32,2015-02-06 14:21:53.502679,10.5,-6,0.8125,around
10,36,return,18.0,m,26,39.0,22.5,32,2015-02-06 14:21:53.502679,10.5,-6,0.8125,around
10,37,outbound,18.0,m,26,39.0,22.5,32,2015-02-06 14:22:30.315944,6.0,-6,0.8125,around
10,37,return,18.0,m,26,39.0,22.5,32,2015-02-06 14:22:30.315944,6.0,-6,0.8125,around
10,38,outbound,18.0,m,30,39.0,22.5,32,2015-02-06 14:23:11.157951,10.5,-2,0.9375,around
10,38,return,18.0,m,30,39.0,22.5,32,2015-02-06 14:23:11.157951,10.5,-2,0.9375,around
10,39,outbound,18.0,m,22,39.0,22.5,32,2015-02-06 14:23:50.570656,6.0,-10,0.6875,over
10,39,return,18.0,m,22,39.0,22.5,32,2015-02-06 14:23:50.570656,6.0,-10,0.6875,around
10,40,outbound,18.0,m,26,39.0,22.5,32,2015-02-06 14:24:27.915730,9.0,-6,0.8125,around
10,40,return,18.0,m,26,39.0,22.5,32,2015-02-06 14:24:27.915730,9.0,-6,0.8125,around
10,41,outbound,18.0,m,18,39.0,22.5,32,2015-02-06 14:25:04.994532,9.0,-14,0.5625,over
10,41,return,18.0,m,18,39.0,22.5,32,2015-02-06 14:25:04.994532,9.0,-14,0.5625,around
10,42,outbound,18.0,m,34,39.0,22.5,32,2015-02-06 14:25:42.012772,12.0,2,1.0625,around
10,42,return,18.0,m,34,39.0,22.5,32,2015-02-06 14:25:42.012772,12.0,2,1.0625,around
10,43,outbound,18.0,m,30,39.0,22.5,32,2015-02-06 14:26:20.508988,7.5,-2,0.9375,around
10,43,return,18.0,m,30,39.0,22.5,32,2015-02-06 14:26:20.508988,7.5,-2,0.9375,around
10,44,outbound,18.0,m,18,39.0,22.5,32,2015-02-06 14:26:44.485965,4.5,-14,0.5625,over
10,44,return,18.0,m,18,39.0,22.5,32,2015-02-06 14:26:44.485965,4.5,-14,0.5625,around
10,45,outbound,18.0,m,22,39.0,22.5,32,2015-02-06 14:27:23.186478,10.5,-10,0.6875,over
10,45,return,18.0,m,22,39.0,22.5,32,2015-02-06 14:27:23.186478,10.5,-10,0.6875,around
10,46,outbound,18.0,m,30,39.0,22.5,32,2015-02-06 14:28:00.110806,4.5,-2,0.9375,around
10,46,return,18.0,m,30,39.0,22.5,32,2015-02-06 14:28:00.110806,4.5,-2,0.9375,around
10,47,outbound,18.0,m,18,39.0,22.5,32,2015-02-06 14:28:31.768700,12.0,-14,0.5625,over
10,47,return,18.0,m,18,39.0,22.5,32,2015-02-06 14:28:31.768700,12.0,-14,0.5625,around
10,48,outbound,18.0,m,18,39.0,22.5,32,2015-02-06 14:29:07.520064,6.0,-14,0.5625,over
10,48,return,18.0,m,18,39.0,22.5,32,2015-02-06 14:29:07.520064,6.0,-14,0.5625,around
10,49,outbound,18.0,m,26,39.0,22.5,32,2015-02-06 14:29:50.572128,4.5,-6,0.8125,around
10,49,return,18.0,m,26,39.0,22.5,32,2015-02-06 14:29:50.572128,4.5,-6,0.8125,around
10,50,outbound,18.0,m,22,39.0,22.5,32,2015-02-06 14:30:21.981704,4.5,-10,0.6875,around
10,50,return,18.0,m,22,39.0,22.5,32,2015-02-06 14:30:21.981704,4.5,-10,0.6875,around
10,51,outbound,18.0,m,30,39.0,22.5,32,2015-02-06 14:30:52.648758,6.0,-2,0.9375,around
10,51,return,18.0,m,30,39.0,22.5,32,2015-02-06 14:30:52.648758,6.0,-2,0.9375,around
10,52,outbound,18.0,m,26,39.0,22.5,32,2015-02-06 14:31:30.636239,7.5,-6,0.8125,around
10,52,return,18.0,m,26,39.0,22.5,32,2015-02-06 14:31:30.636239,7.5,-6,0.8125,around
10,53,outbound,18.0,m,18,39.0,22.5,32,2015-02-06 14:32:01.449060,4.5,-14,0.5625,over
10,53,return,18.0,m,18,39.0,22.5,32,2015-02-06 14:32:01.449060,4.5,-14,0.5625,around
10,54,outbound,18.0,m,22,39.0,22.5,32,2015-02-06 14:32:36.112274,6.0,-10,0.6875,around
10,54,return,18.0,m,22,39.0,22.5,32,2015-02-06 14:32:36.112274,6.0,-10,0.6875,around
11,1,outbound,19.0,f,30,40.0,25.0,32,2015-02-06 14:49:52.229562,12.0,-2,0.9375,over
11,2,outbound,19.0,f,26,40.0,25.0,32,2015-02-06 14:51:33.011306,9.0,-6,0.8125,over
11,3,outbound,19.0,f,26,40.0,25.0,32,2015-02-06 14:52:10.619319,6.0,-6,0.8125,around
11,4,outbound,19.0,f,18,40.0,25.0,32,2015-02-06 14:52:42.656649,10.5,-14,0.5625,over
11,5,outbound,19.0,f,22,40.0,25.0,32,2015-02-06 14:53:15.618804,12.0,-10,0.6875,over
11,6,outbound,19.0,f,34,40.0,25.0,32,2015-02-06 14:53:46.391282,6.0,2,1.0625,around
11,7,outbound,19.0,f,30,40.0,25.0,32,2015-02-06 14:54:22.008306,9.0,-2,0.9375,around
11,8,outbound,19.0,f,30,40.0,25.0,32,2015-02-06 14:54:53.950456,10.5,-2,0.9375,around
11,9,outbound,19.0,f,26,40.0,25.0,32,2015-02-06 14:55:30.513723,12.0,-6,0.8125,over
11,10,outbound,19.0,f,30,40.0,25.0,32,2015-02-06 14:56:00.929407,10.5,-2,0.9375,around
11,11,outbound,19.0,f,18,40.0,25.0,32,2015-02-06 14:56:33.479559,4.5,-14,0.5625,over
11,12,outbound,19.0,f,22,40.0,25.0,32,2015-02-06 14:57:03.370435,10.5,-10,0.6875,over
11,13,outbound,19.0,f,26,40.0,25.0,32,2015-02-06 14:57:35.150839,10.5,-6,0.8125,around
11,14,outbound,19.0,f,34,40.0,25.0,32,2015-02-06 14:58:03.255343,9.0,2,1.0625,around
11,15,outbound,19.0,f,22,40.0,25.0,32,2015-02-06 14:58:33.469593,6.0,-10,0.6875,over
11,16,outbound,19.0,f,34,40.0,25.0,32,2015-02-06 14:59:05.918801,9.0,2,1.0625,around
11,17,outbound,19.0,f,30,40.0,25.0,32,2015-02-06 14:59:35.524193,7.5,-2,0.9375,around
11,18,outbound,19.0,f,18,40.0,25.0,32,2015-02-06 15:00:07.396607,6.0,-14,0.5625,over
11,19,outbound,19.0,f,26,40.0,25.0,32,2015-02-06 15:00:41.299307,12.0,-6,0.8125,over
11,20,outbound,19.0,f,34,40.0,25.0,32,2015-02-06 15:01:16.417354,12.0,2,1.0625,around
11,21,outbound,19.0,f,18,40.0,25.0,32,2015-02-06 15:01:51.504185,6.0,-14,0.5625,over
11,22,outbound,19.0,f,22,40.0,25.0,32,2015-02-06 15:02:23.993077,7.5,-10,0.6875,over
11,23,outbound,19.0,f,22,40.0,25.0,32,2015-02-06 15:02:52.715847,4.5,-10,0.6875,over
11,24,outbound,19.0,f,26,40.0,25.0,32,2015-02-06 15:03:24.608530,6.0,-6,0.8125,around
11,25,outbound,19.0,f,30,40.0,25.0,32,2015-02-06 15:03:53.038216,6.0,-2,0.9375,around
11,26,outbound,19.0,f,18,40.0,25.0,32,2015-02-06 15:04:18.438571,12.0,-14,0.5625,over
11,27,outbound,19.0,f,18,40.0,25.0,32,2015-02-06 15:05:00.661230,7.5,-14,0.5625,over
11,28,outbound,19.0,f,18,40.0,25.0,32,2015-02-06 15:05:32.117085,4.5,-14,0.5625,over
11,29,outbound,19.0,f,26,40.0,25.0,32,2015-02-06 15:09:25.364086,7.5,-6,0.8125,around
11,30,outbound,19.0,f,34,40.0,25.0,32,2015-02-06 15:09:54.813097,12.0,2,1.0625,around
11,31,outbound,19.0,f,22,40.0,25.0,32,2015-02-06 15:10:23.490749,4.5,-10,0.6875,over
11,32,outbound,19.0,f,26,40.0,25.0,32,2015-02-06 15:10:57.794454,4.5,-6,0.8125,around
11,33,outbound,19.0,f,22,40.0,25.0,32,2015-02-06 15:11:19.605447,9.0,-10,0.6875,over
11,34,outbound,19.0,f,30,40.0,25.0,32,2015-02-06 15:11:47.504186,12.0,-2,0.9375,around
11,35,outbound,19.0,f,22,40.0,25.0,32,2015-02-06 15:12:17.341284,9.0,-10,0.6875,over
11,36,outbound,19.0,f,18,40.0,25.0,32,2015-02-06 15:12:50.537519,9.0,-14,0.5625,over
11,37,outbound,19.0,f,30,40.0,25.0,32,2015-02-06 15:13:13.960396,6.0,-2,0.9375,around
11,38,outbound,19.0,f,30,40.0,25.0,32,2015-02-06 15:13:43.735477,4.5,-2,0.9375,around
11,39,outbound,19.0,f,18,40.0,25.0,32,2015-02-06 15:14:14.662981,12.0,-14,0.5625,over
11,40,outbound,19.0,f,26,40.0,25.0,32,2015-02-06 15:14:47.109648,10.5,-6,0.8125,around
11,41,outbound,19.0,f,22,40.0,25.0,32,2015-02-06 15:15:17.760646,12.0,-10,0.6875,over
11,42,outbound,19.0,f,30,40.0,25.0,32,2015-02-06 15:15:45.094209,9.0,-2,0.9375,around
11,43,outbound,19.0,f,34,40.0,25.0,32,2015-02-06 15:16:14.711847,6.0,2,1.0625,around
11,44,outbound,19.0,f,18,40.0,25.0,32,2015-02-06 15:16:40.885329,7.5,-14,0.5625,over
11,45,outbound,19.0,f,30,40.0,25.0,32,2015-02-06 15:17:09.188355,7.5,-2,0.9375,around
11,46,outbound,19.0,f,22,40.0,25.0,32,2015-02-06 15:17:36.048994,7.5,-10,0.6875,over
11,47,outbound,19.0,f,26,40.0,25.0,32,2015-02-06 15:18:00.884849,7.5,-6,0.8125,around
11,48,outbound,19.0,f,22,40.0,25.0,32,2015-02-06 15:18:28.940467,6.0,-10,0.6875,over
11,49,outbound,19.0,f,18,40.0,25.0,32,2015-02-06 15:18:57.575172,9.0,-14,0.5625,over
11,50,outbound,19.0,f,22,40.0,25.0,32,2015-02-06 15:19:24.765270,10.5,-10,0.6875,over
11,51,outbound,19.0,f,26,40.0,25.0,32,2015-02-06 15:20:02.434750,4.5,-6,0.8125,around
11,52,outbound,19.0,f,30,40.0,25.0,32,2015-02-06 15:20:34.750048,4.5,-2,0.9375,around
11,53,outbound,19.0,f,18,40.0,25.0,32,2015-02-06 15:20:57.532378,10.5,-14,0.5625,over
11,54,outbound,19.0,f,26,40.0,25.0,32,2015-02-06 15:21:29.782885,9.0,-6,0.8125,around
